사고년도,지역,시도시군구명,지점명,사고건수,사상자수,사망자수,중상자수,경상자수,부상신고자수,경도,위도
2018,,서울특별시 종로구1,서울특별시 종로구 종로6가(동대문역 1번출구 부근),6,11,1,3,5,2,127.0105525,37.57175837
2018,,서울특별시 종로구2,서울특별시 종로구 종로5가(종로5가역 부근),4,4,0,1,1,2,127.0040001,37.57111811
2018,,서울특별시 종로구3,서울특별시 종로구 관철동(관수파출소 부근),4,4,0,0,4,0,126.9877587,37.56929816
2018,,서울특별시 용산구1,서울특별시 용산구 서빙고동(반포대교북단교차로 부근),5,5,0,3,2,0,126.9941228,37.51957302
2018,,서울특별시 용산구2,서울특별시 용산구 한강로1가(삼각지역6호선 부근),4,4,0,2,2,0,126.9740478,37.53566508
2018,,서울특별시 성동구1,서울특별시 성동구 마장동(고산자교 부근),7,7,1,1,4,1,127.0377653,37.57225254
2018,,서울특별시 성동구2,서울특별시 성동구 성수동1가(대림공인중개사사무소 부근),5,5,0,1,3,1,127.0462429,37.54125043
2018,,서울특별시 성동구3,서울특별시 성동구 송정동(성동세무서 부근),4,5,1,0,4,0,127.0626228,37.54827528
2018,,서울특별시 성동구4,서울특별시 성동구 상왕십리동(황학교 부근),4,4,0,2,2,0,127.0235327,37.57173702
2018,,서울특별시 성동구5,서울특별시 성동구 하왕십리동(무학교 부근),4,4,0,1,2,1,127.0300224,37.56939483
2018,,서울특별시 광진구1,서울특별시 광진구 자양동(우신빌딩 부근),7,7,0,2,3,2,127.0600141,37.53778022
2018,,서울특별시 광진구2,서울특별시 광진구 자양동(자양현대홈타운7차아파트후문 부근),6,6,0,0,5,1,127.0699612,37.53338313
2018,,서울특별시 광진구3,서울특별시 광진구 자양동(건대입구역2호선 부근),5,5,0,0,3,2,127.068804,37.54061792
2018,,서울특별시 광진구4,서울특별시 광진구 자양동(광영빌딩 부근),4,4,0,1,2,1,127.0838271,37.535923
2018,,서울특별시 동대문구1,서울특별시 동대문구 용두동(제기동역 4번출구 부근),9,9,0,3,5,1,127.0355742,37.57816476
2018,,서울특별시 동대문구2,서울특별시 동대문구 장안동(장안동사거리 부근),7,8,0,1,5,2,127.0714063,37.57218634
2018,,서울특별시 동대문구3,서울특별시 동대문구 전농동(성바오로병원교차로 부근),6,6,0,3,2,1,127.0417161,37.57913912
2018,,서울특별시 동대문구4,서울특별시 동대문구 장안동(양지쉐르빌아파트 부근),5,5,0,4,1,0,127.0611121,37.56264622
2018,,서울특별시 동대문구5,서울특별시 동대문구 휘경동(중랑교서단 부근),5,7,0,2,4,1,127.0694427,37.59267377
2018,,서울특별시 동대문구6,서울특별시 동대문구 장안동(샛별어린이공원 부근),5,5,0,2,3,0,127.0672658,37.56775303
2018,,서울특별시 동대문구7,서울특별시 동대문구 답십리동(조성종의원 부근),4,4,1,0,3,0,127.0644562,37.57006104
2018,,서울특별시 동대문구8,서울특별시 동대문구 휘경동(동대문구견인차량보관소 부근),4,4,0,0,4,0,127.0688137,37.58891473
2018,,서울특별시 동대문구9,서울특별시 동대문구 답십리동(답십리우리한의원 부근),4,4,0,0,4,0,127.0570499,37.56802939
2018,,서울특별시 동대문구10,서울특별시 동대문구 청량리동(영휘원사거리 부근),4,4,0,0,4,0,127.043108,37.58686023
2018,,서울특별시 중랑구1,서울특별시 중랑구 면목동(면목2동사거리 부근),11,11,0,2,6,3,127.0796863,37.58598664
2018,,서울특별시 중랑구2,서울특별시 중랑구 중화동(이화교옆 중랑천로 부근),9,11,0,4,4,3,127.0739527,37.6014299
2018,,서울특별시 중랑구3,서울특별시 중랑구 면목동(면목역 부근),9,9,0,3,4,2,127.0874896,37.58895867
2018,,서울특별시 중랑구4,"서울특별시 중랑구 면목동(
면목두산2단지아파트정문 부근)",9,9,0,1,5,3,127.0840864,37.58094567
2018,,서울특별시 중랑구5,서울특별시 중랑구 상봉동(상봉역 3번출구 부근),7,7,1,2,2,2,127.0861503,37.59399147
2018,,서울특별시 중랑구6,서울특별시 중랑구 상봉동(동일로지하차도사거리 부근),7,7,0,1,3,3,127.080165,37.59470334
2018,,서울특별시 중랑구7,서울특별시 중랑구 면목동(면목동동원베네스트아파트 102동 부근),6,6,0,3,1,2,127.0835477,37.58453695
2018,,서울특별시 중랑구8,서울특별시 중랑구 상봉동(코스트코코리아상봉점 부근),6,6,0,0,5,1,127.0893022,37.59748393
2018,,서울특별시 중랑구9,서울특별시 중랑구 망우동(신내지하차도사거리 부근),5,12,0,3,7,2,127.0979765,37.59941094
2018,,서울특별시 중랑구10,서울특별시 중랑구 중화동(봉화공원 부근),5,5,0,1,4,0,127.0768095,37.59815205
2018,,서울특별시 중랑구11,서울특별시 중랑구 면목동(장안교사거리 부근),5,5,0,1,3,1,127.0787616,37.58125127
2018,,서울특별시 성북구1,서울특별시 성북구 장위동(장위사거리 부근),9,9,1,3,5,0,127.0605692,37.61315115
2018,,서울특별시 성북구2,서울특별시 성북구 하월곡동(GS칼텍스 효성주유소 부근),5,5,0,1,3,1,127.0357821,37.60273972
2018,,서울특별시 성북구3,서울특별시 성북구 석관동(돌곶이역 부근),5,5,0,1,3,1,127.057026,37.61056998
2018,,서울특별시 성북구4,서울특별시 성북구 하월곡동(월곡연세가정의학과의원 부근),4,4,0,0,3,1,127.0366739,37.60706132
2018,,서울특별시 강북구1,서울특별시 강북구 수유동(수유사거리 부근),6,6,0,3,3,0,127.0243586,37.63553073
2018,,서울특별시 강북구2,서울특별시 강북구 수유동(선아트빌 부근),6,7,0,1,6,0,127.0106033,37.64588753
2018,,서울특별시 강북구3,서울특별시 강북구 번동(모아한의원 수유점 부근),5,6,0,0,6,0,127.0314679,37.6354097
2018,,서울특별시 강북구4,서울특별시 강북구 미아동(한국전력공사 강북성북지사 부근),5,5,0,0,4,1,127.0249245,37.63035472
2018,,서울특별시 강북구5,서울특별시 강북구 수유동(한신대사거리 부근),4,7,0,3,4,0,127.0156263,37.63403231
2018,,서울특별시 강북구6,서울특별시 강북구 수유동(서울수유3동우체국 부근),4,5,0,2,2,1,127.0286732,37.6409156
2018,,서울특별시 강북구7,서울특별시 강북구 번동(번동중학교정문 부근),4,4,0,2,2,0,127.0362866,37.63293729
2018,,서울특별시 강북구8,서울특별시 강북구 수유동(광산교회 부근),4,5,0,1,4,0,127.0217494,37.6435618
2018,,서울특별시 강북구9,서울특별시 강북구 미아동(삼양입구사거리 부근),4,6,0,0,6,0,127.0298221,37.61744471
2018,,서울특별시 도봉구1,서울특별시 도봉구 방학동(서울문화고교 부근),7,7,0,4,3,0,127.0464906,37.664664
2018,,서울특별시 도봉구2,서울특별시 도봉구 방학동(로뎀감리교회 부근),7,8,0,2,4,2,127.0334426,37.66724895
2018,,서울특별시 도봉구3,서울특별시 도봉구 도봉동(도봉1교 부근),6,6,0,4,2,0,127.0515536,37.67901165
2018,,서울특별시 도봉구4,서울특별시 도봉구 도봉동(신도봉사거리 부근),5,5,0,4,1,0,127.0438234,37.67117327
2018,,서울특별시 노원구1,서울특별시 노원구 공릉동(노원문화원 부근),4,5,0,1,2,2,127.0698725,37.62854842
2018,,서울특별시 노원구2,서울특별시 노원구 중계동(수암초교앞삼거리 부근),4,4,0,1,2,1,127.0811169,37.64883117
2018,,서울특별시 노원구3,서울특별시 노원구 상계동(상계11-13단지사거리 부근),4,4,0,0,3,1,127.0561779,37.66706629
2018,,서울특별시 은평구1,서울특별시 은평구 신사동(신사오거리 부근),8,9,0,3,4,2,126.9157877,37.59910228
2018,,서울특별시 은평구2,서울특별시 은평구 불광동(불광역6호선 부근),7,8,0,3,3,2,126.9289301,37.61146362
2018,,서울특별시 은평구3,서울특별시 은평구 응암동(응암오거리 부근),5,5,0,1,2,2,126.9173349,37.59023623
2018,,서울특별시 서대문구1,서울특별시 서대문구 북가좌동(북가좌사거리 부근),5,5,0,1,1,3,126.9133522,37.58252421
2018,,서울특별시 마포구1,서울특별시 마포구 망원동(한강빌딩 부근),8,8,0,2,5,1,126.9049921,37.56150952
2018,,서울특별시 마포구2,서울특별시 마포구 마포동(마포역 4번출구 부근),5,5,0,2,3,0,126.9458546,37.53961624
2018,,서울특별시 마포구3,서울특별시 마포구 망원동(망원우체국사거리 부근),5,6,0,1,3,2,126.9081866,37.55826515
2018,,서울특별시 마포구4,서울특별시 마포구 합정동(홀트아동복지회 부근),4,4,0,1,3,0,126.9117808,37.54897221
2018,,서울특별시 양천구1,서울특별시 양천구 목동(오목수변공원 부근),6,6,0,2,1,3,126.8783737,37.5248346
2018,,서울특별시 양천구2,서울특별시 양천구 신월동(성창빌딩 앞 부근),5,5,1,2,2,0,126.836923,37.52272496
2018,,서울특별시 양천구3,서울특별시 양천구 목동(파리공원 부근),5,5,0,1,2,2,126.8771405,37.53543003
2018,,서울특별시 양천구4,서울특별시 양천구 신정동(신정 야구장 부근),4,4,0,1,2,1,126.8778919,37.51562891
2018,,서울특별시 양천구5,서울특별시 양천구 신정동(희당한의원 부근),4,4,0,0,4,0,126.8765353,37.52230771
2018,,서울특별시 강서구1,서울특별시 강서구 화곡동(KT SIS강서점 부근),7,7,0,3,3,1,126.8480097,37.52988217
2018,,서울특별시 강서구2,서울특별시 강서구 방화동(수정교회 부근),6,7,1,2,2,2,126.8165854,37.57076562
2018,,서울특별시 강서구3,서울특별시 강서구 내발산동(발산역 부근),5,5,0,2,2,1,126.8389634,37.55854847
2018,,서울특별시 강서구4,서울특별시 강서구 화곡동(목동사거리 부근),5,5,0,1,3,1,126.8636859,37.53249379
2018,,서울특별시 구로구1,서울특별시 구로구 구로동(구로어린이공원 부근),8,8,0,3,4,1,126.8918462,37.49151829
2018,,서울특별시 구로구2,서울특별시 구로구 구로동(구로거리공원 부근),6,7,0,4,3,0,126.8896165,37.50183124
2018,,서울특별시 구로구3,서울특별시 구로구 구로동(스타벅스 구로디지털로점 부근),5,5,0,4,1,0,126.8967795,37.48640727
2018,,서울특별시 구로구4,서울특별시 구로구 구로동(구로구청.구의회사거리 부근),5,6,0,2,4,0,126.8891814,37.49523615
2018,,서울특별시 구로구5,서울특별시 구로구 구로동(장의원 부근),5,5,0,1,3,1,126.8897237,37.48837063
2018,,서울특별시 구로구6,서울특별시 구로구 개봉동(늘푸른한의원 부근),4,4,0,1,2,1,126.8561436,37.49267916
2018,,서울특별시 금천구1,서울특별시 금천구 독산동(홈플러스금천점 앞 부근),4,4,0,1,2,1,126.8978958,37.46890598
2018,,서울특별시 금천구2,서울특별시 금천구 시흥동(은행나무시장 부근),4,4,0,1,1,2,126.9086823,37.45077063
2018,,서울특별시 금천구3,서울특별시 금천구 시흥동(시흥사거리 부근),4,4,0,0,3,1,126.9007507,37.45491674
2018,,서울특별시 영등포구1,서울특별시 영등포구 당산동1가(양화한강공원출구 부근),7,10,0,3,5,2,126.9006701,37.53932675
2018,,서울특별시 영등포구2,서울특별시 영등포구 당산동4가(당서초교 앞 부근),7,7,0,0,4,3,126.8993398,37.5308414
2018,,서울특별시 영등포구3,서울특별시 영등포구 대림동(대림3동사거리 부근),6,6,0,3,3,0,126.8990215,37.5008368
2018,,서울특별시 영등포구4,서울특별시 영등포구 영등포동(영등포역교차로 부근),6,6,0,2,2,2,126.9057352,37.51606363
2018,,서울특별시 영등포구5,서울특별시 영등포구 대림동(대림공원사거리 부근),5,5,0,2,3,0,126.9022194,37.49166137
2018,,서울특별시 영등포구6,서울특별시 영등포구 당산동1가(양화한강공원입구 부근),5,5,0,2,1,2,126.9044587,37.53703612
2018,,서울특별시 영등포구7,서울특별시 영등포구 영등포동3가(영등포시장사거리 부근),5,5,0,1,1,3,126.9046198,37.51986782
2018,,서울특별시 영등포구8,서울특별시 영등포구 여의도동(마포한강공원자전거대여소 부근),5,7,0,0,2,5,126.9268846,37.53097444
2018,,서울특별시 영등포구9,서울특별시 영등포구 도림동(우신초교앞 부근),4,4,0,3,1,0,126.9092987,37.51023163
2018,,서울특별시 영등포구10,서울특별시 영등포구 여의도동(여의나루역 부근),4,5,0,1,4,0,126.9347745,37.52630741
2018,,서울특별시 영등포구11,서울특별시 영등포구 당산동3가(영등포경찰서사거리 부근),4,4,0,1,2,1,126.9027562,37.52616354
2018,,서울특별시 영등포구12,서울특별시 영등포구 여의도동(시범아파트앞 부근),4,4,0,1,2,1,126.940425,37.52134083
2018,,서울특별시 동작구1,서울특별시 동작구 신대방동(대방천사거리 부근),7,7,0,3,4,0,126.9200487,37.49844036
2018,,서울특별시 동작구2,서울특별시 동작구 상도동(장승배기역 부근),6,6,1,1,4,0,126.9395622,37.50504431
2018,,서울특별시 동작구3,서울특별시 동작구 신대방동(대림사거리 부근),5,5,0,2,3,0,126.9066408,37.48899762
2018,,서울특별시 동작구4,서울특별시 동작구 본동(노들나루공원 부근),4,4,0,1,3,0,126.9538843,37.51459862
2018,,서울특별시 동작구5,서울특별시 동작구 신대방동(글로벌신학아카데미 부근),4,4,0,1,2,1,126.9278704,37.49821505
2018,,서울특별시 관악구1,서울특별시 관악구 신림동(구로전화국사거리 부근),5,5,0,0,4,1,126.9030635,37.47976126
2018,,서울특별시 관악구2,서울특별시 관악구 신림동(난곡사거리 부근),4,4,0,1,2,1,126.9147102,37.48122311
2018,,서울특별시 강남구1,서울특별시 강남구 대치동(원일빌딩 부근),4,4,0,1,1,2,127.0660697,37.50044401
2018,,서울특별시 강남구2,서울특별시 강남구 역삼동(강남세브란스사거리 부근),4,4,0,0,3,1,127.0461083,37.49556475
2018,,서울특별시 송파구1,서울특별시 송파구 석촌동(석촌역 부근),9,11,0,5,3,3,127.1069983,37.50544559
2018,,서울특별시 송파구2,서울특별시 송파구 방이동(둔촌사거리 부근),8,8,0,3,4,1,127.1335448,37.52096221
2018,,서울특별시 송파구3,서울특별시 송파구 삼전동(삼전사거리 부근),8,8,0,2,3,3,127.0886911,37.50394832
2018,,서울특별시 송파구4,서울특별시 송파구 가락동(가락시장역 1번출구 부근),7,7,0,1,6,0,127.1181102,37.49353731
2018,,서울특별시 송파구5,서울특별시 송파구 잠실동(잠실트리지움입구 부근),7,8,0,1,5,2,127.0861676,37.5101802
2018,,서울특별시 송파구6,서울특별시 송파구 가락동(가락중고교 부근),7,8,0,1,4,3,127.1178585,37.50129891
2018,,서울특별시 송파구7,서울특별시 송파구 삼전동(잠실학원사거리 부근),6,6,0,4,2,0,127.0901973,37.50696137
2018,,서울특별시 송파구8,서울특별시 송파구 석촌동(배명사거리 부근),6,6,0,3,1,2,127.0970746,37.50353733
2018,,서울특별시 송파구9,서울특별시 송파구 풍납동(풍납중학교 부근),6,8,0,1,5,2,127.1166443,37.52418979
2018,,서울특별시 송파구10,서울특별시 송파구 방이동(두양빌딩 부근),6,6,0,1,4,1,127.110745,37.51663918
2018,,서울특별시 송파구11,서울특별시 송파구 문정동(장지역사거리 부근),6,6,0,1,4,1,127.1258822,37.47946401
2018,,서울특별시 송파구12,서울특별시 송파구 방이동(방이사거리 부근),6,6,0,0,3,3,127.110651,37.51103232
2018,,서울특별시 송파구13,서울특별시 송파구 잠실동(아시아선추손아파트삼거리 부근),5,5,0,4,1,0,127.0813213,37.50633986
2018,,서울특별시 송파구14,서울특별시 송파구 삼전동(세명주유소 부근),5,5,0,2,3,0,127.0967026,37.49882241
2018,,서울특별시 송파구15,서울특별시 송파구 삼전동(광원빌딩 부근),5,5,0,0,4,1,127.0940374,37.50657353
2018,,서울특별시 송파구16,서울특별시 송파구 송파동(가락시장사거리 부근),4,5,1,4,0,0,127.113576,37.49766949
2018,,서울특별시 송파구17,서울특별시 송파구 오금동(올림픽공원사거리 부근),4,5,0,2,2,1,127.1277259,37.51229097
2018,,서울특별시 송파구18,서울특별시 송파구 송파동(송파사거리 부근),4,4,0,2,2,0,127.1103087,37.50199534
2018,,서울특별시 송파구19,서울특별시 송파구 문정동(문정현대아파트 앞 부근),4,4,0,2,2,0,127.1248475,37.48601618
2018,,서울특별시 송파구20,서울특별시 송파구 풍납동(풍납2동주민센터 부근),4,4,0,2,1,1,127.1160994,37.52929252
2018,,서울특별시 송파구21,서울특별시 송파구 마천동(마천사거리 부근),4,4,0,2,0,2,127.1465195,37.49813423
2018,,서울특별시 송파구22,서울특별시 송파구 신천동(올림픽회관삼거리 부근),4,5,0,1,4,0,127.1140167,37.52013385
2018,,서울특별시 송파구23,서울특별시 송파구 가락동(오금역 부근),4,4,0,1,3,0,127.1280086,37.50195667
2018,,서울특별시 송파구24,서울특별시 송파구 잠실동(잠실2동우체국 부근),4,4,0,1,3,0,127.0819209,37.51243517
2018,,서울특별시 송파구25,서울특별시 송파구 가락동(경찰병원역 부근),4,4,0,1,3,0,127.1248507,37.49669734
2018,,서울특별시 송파구26,서울특별시 송파구 잠실동(잠실3사거리 부근),4,5,0,0,4,1,127.0923804,37.51166952
2018,,서울특별시 송파구27,서울특별시 송파구 송파동(송파한양2차아파트정문 부근),4,4,0,0,3,1,127.1153254,37.505473
2018,,서울특별시 송파구28,서울특별시 송파구 풍납동(퀴너스 화덕피자 부근),4,5,0,0,2,3,127.1187655,37.5320472
2018,,서울특별시 강동구1,서울특별시 강동구 길동(길동사거리 부근),9,9,1,4,3,1,127.1377573,37.53430422
2018,,서울특별시 강동구2,서울특별시 강동구 성내동(정성약국 부근),8,8,0,1,7,0,127.1286179,37.5273291
2018,,서울특별시 강동구3,서울특별시 강동구 성내동(하늘뜻동문교회 부근),7,7,1,2,4,0,127.1289834,37.5368636
2018,,서울특별시 강동구4,서울특별시 강동구 천호동(천호역 3번출구 부근),7,8,0,1,7,0,127.1239143,37.53995676
2018,,서울특별시 강동구5,서울특별시 강동구 고덕동(상일동역교차로 부근),4,4,1,1,2,0,127.1711962,37.55783261
2018,,서울특별시 강동구6,서울특별시 강동구 암사동(한은빌딩 부근),4,5,0,1,4,0,127.1352692,37.55186933
2018,,서울특별시 강동구7,서울특별시 강동구 고덕동(고덕119안전센터 부근),4,4,0,1,2,1,127.1519922,37.55720747
2019,,서울특별시 종로구1,서울특별시 종로구 종로6가(흥인지문사거리 부근),4,5,0,1,1,3,127.0091719,37.57122939
2019,,서울특별시 용산구1,서울특별시 용산구 서빙고동(반포대교북단교차로 부근),4,5,0,2,2,1,126.9943844,37.5192751
2019,,서울특별시 용산구2,서울특별시 용산구 이촌동(이촌한강공원 부근),4,6,0,1,3,2,126.9688113,37.51754201
2019,,서울특별시 성동구1,서울특별시 성동구 용답동(덕현해밀아파트 부근),5,6,0,3,2,1,127.0534648,37.5647345
2019,,서울특별시 성동구2,서울특별시 성동구 성수동1가(성원중학교 부근),5,5,0,2,3,0,127.0514648,37.53981694
2019,,서울특별시 성동구3,서울특별시 성동구 용답동(성동구립용답도서관 부근),4,4,0,3,1,0,127.0512139,37.56752818
2019,,서울특별시 성동구4,서울특별시 성동구 하왕십리동(세광교회 부근),4,4,0,2,2,0,127.0302951,37.56960389
2019,,서울특별시 성동구5,서울특별시 성동구 용답동(서울교통공사사거리 부근),4,4,0,1,2,1,127.0580556,37.56253567
2019,,서울특별시 광진구1,서울특별시 광진구 구의동(우리은행 구의동지점 부근),7,7,1,0,6,0,127.0867945,37.54557734
2019,,서울특별시 광진구2,서울특별시 광진구 자양동(송파예술마루 부근),6,7,1,1,3,2,127.0945365,37.52058029
2019,,서울특별시 광진구3,서울특별시 광진구 자양동(보광마트 부근),5,5,0,2,3,0,127.0822215,37.53578128
2019,,서울특별시 광진구4,서울특별시 광진구 화양동(화양동우체국 부근),5,5,0,2,3,0,127.0687731,37.54808448
2019,,서울특별시 동대문구1,서울특별시 동대문구 전농동(성바오로병원교차로 부근),7,7,0,3,4,0,127.0421006,37.57935713
2019,,서울특별시 동대문구2,서울특별시 동대문구 제기동(홍파초교후문 부근),6,7,0,2,5,0,127.0401155,37.58670383
2019,,서울특별시 동대문구3,서울특별시 동대문구 전농동(전농1동교차로 부근),6,6,0,2,4,0,127.0464615,37.57602358
2019,,서울특별시 동대문구4,서울특별시 동대문구 장안동(SK엔크린 삼영주유소 부근),6,6,0,1,3,2,127.0684154,37.57245279
2019,,서울특별시 동대문구5,서울특별시 동대문구 용두동(용두동사거리 부근),5,5,0,1,4,0,127.0302985,37.57769941
2019,,서울특별시 동대문구6,서울특별시 동대문구 용두동(용두동포스빌 부근),5,5,0,1,4,0,127.0368184,37.57826391
2019,,서울특별시 동대문구7,서울특별시 동대문구 장안동(동대문동부새마을금고 장안2지점 부근),5,5,0,1,3,1,127.0695111,37.57883834
2019,,서울특별시 동대문구8,서울특별시 동대문구 용두동(서울시설공단사거리 부근),5,5,0,0,3,2,127.0379453,37.57282015
2019,,서울특별시 동대문구9,서울특별시 동대문구 장안동(미니스톱 장안벤처빌점 부근),4,4,0,2,1,1,127.0695226,37.56884862
2019,,서울특별시 동대문구10,서울특별시 동대문구 휘경동(동대문구견인차량보관소 부근),3,3,1,2,0,0,127.0688179,37.58956597
2019,,서울특별시 중랑구1,서울특별시 중랑구 중화동(동일로지하차도사거리 부근),7,7,0,2,4,1,127.080268,37.5943856
2019,,서울특별시 중랑구2,서울특별시 중랑구 면목동(강호아파트 부근),5,6,0,3,2,1,127.0863802,37.57802162
2019,,서울특별시 중랑구3,서울특별시 중랑구 묵동(우리은행 태릉역지점 부근),5,5,0,2,2,1,127.077377,37.6158039
2019,,서울특별시 중랑구4,서울특별시 중랑구 면목동(면목2동사거리 부근),5,5,0,0,4,1,127.0799473,37.58694422
2019,,서울특별시 중랑구5,서울특별시 중랑구 면목동(면목초등학교정문 부근),4,4,1,0,2,1,127.0868674,37.59089025
2019,,서울특별시 중랑구6,서울특별시 중랑구 망우동(망우역사거리 부근),4,4,0,0,1,3,127.0938116,37.59825836
2019,,서울특별시 성북구1,서울특별시 성북구 석관동(동원베네스트 부근),6,6,0,2,4,0,127.0583459,37.61151527
2019,,서울특별시 성북구2,서울특별시 성북구 보문동7가(대광중고교삼거리 부근),5,8,0,2,6,0,127.0232059,37.57792194
2019,,서울특별시 성북구3,서울특별시 성북구 하월곡동(길음삼부컨비니언아파트 부근),5,5,0,1,4,0,127.025206,37.60280286
2019,,서울특별시 성북구4,서울특별시 성북구 장위동(도시빌라 부근),4,4,0,2,2,0,127.0425057,37.61751353
2019,,서울특별시 성북구5,서울특별시 성북구 하월곡동(종암사거리 부근),4,4,0,1,3,0,127.0315846,37.60381442
2019,,서울특별시 강북구1,서울특별시 강북구 수유동(광산사거리 부근),6,6,0,2,4,0,127.0236925,37.64222497
2019,,서울특별시 강북구2,서울특별시 강북구 번동(번동사거리 부근),5,5,0,2,3,0,127.0330047,37.63527918
2019,,서울특별시 강북구3,서울특별시 강북구 수유동(심외과의원 부근),5,5,0,0,5,0,127.0231088,37.63641444
2019,,서울특별시 도봉구1,서울특별시 도봉구 도봉동(벽운빌딩 부근),6,6,0,2,3,1,127.042489,37.67125927
2019,,서울특별시 도봉구2,서울특별시 도봉구 방학동(방학동우체국 부근),5,5,0,2,2,1,127.0429607,37.66603881
2019,,서울특별시 도봉구3,서울특별시 도봉구 방학동(방학사거리 부근),5,5,0,2,1,2,127.0422805,37.66260594
2019,,서울특별시 도봉구4,서울특별시 도봉구 창동(녹천교사거리 부근),4,4,0,3,0,1,127.0551701,37.64588542
2019,,서울특별시 노원구1,서울특별시 노원구 상계동(창동교교차로 부근),7,7,0,2,4,1,127.0552284,37.65326327
2019,,서울특별시 노원구2,서울특별시 노원구 중계동(삿갓봉근린공원사거리 부근),5,6,0,2,3,1,127.0752694,37.65793
2019,,서울특별시 노원구3,서울특별시 노원구 하계동(노원경찰서 부근),4,5,0,2,2,1,127.0718017,37.64307076
2019,,서울특별시 노원구4,서울특별시 노원구 중계동(노해근린공원사거리 부근),4,4,0,2,2,0,127.0695511,37.64897478
2019,,서울특별시 노원구5,서울특별시 노원구 상계동(당고개입구오거리 부근),4,4,0,1,3,0,127.075839,37.66320919
2019,,서울특별시 노원구6,서울특별시 노원구 상계동(온수골사거리 부근),4,4,0,1,2,1,127.0577412,37.66134906
2019,,서울특별시 노원구7,서울특별시 노원구 상계동(상계2동주민센터 부근),3,4,1,1,2,0,127.0677402,37.65774187
2019,,서울특별시 은평구1,서울특별시 은평구 역촌동(CJ드림시티오피스텔 부근),7,7,0,2,4,1,126.9174739,37.59958409
2019,,서울특별시 은평구2,서울특별시 은평구 역촌동(역말사거리 부근),5,6,0,1,3,2,126.915296,37.60616183
2019,,서울특별시 은평구3,서울특별시 은평구 구산동(구산사거리 부근),4,4,0,1,2,1,126.911673,37.61391786
2019,,서울특별시 은평구4,서울특별시 은평구 녹번동(코끼리주유소 부근),4,4,0,1,1,2,126.9255976,37.60352549
2019,,서울특별시 은평구5,서울특별시 은평구 대조동(서원빌딩 부근),4,4,0,0,4,0,126.9176127,37.6124097
2019,,서울특별시 은평구6,서울특별시 은평구 대조동(파리바게뜨 역촌역점 부근),3,3,1,1,1,0,126.9219827,37.60774178
2019,,서울특별시 서대문구1,서울특별시 서대문구 북가좌동(뚜레쥬르 증산역점 부근),5,6,0,2,3,1,126.9115293,37.58383494
2019,,서울특별시 마포구1,서울특별시 마포구 망원동(세븐일레븐 망원2호점 부근),6,6,0,1,5,0,126.904603,37.5618435
2019,,서울특별시 양천구1,서울특별시 양천구 목동(목동센트럴푸르지오아파트101동 부근),7,7,0,1,6,0,126.8765758,37.52420282
2019,,서울특별시 양천구2,서울특별시 양천구 신정동(목동9.10단지삼거리 부근),5,5,0,2,3,0,126.8618493,37.51660692
2019,,서울특별시 양천구3,서울특별시 양천구 신정동(목동공인중개사사무소 부근),5,5,0,2,1,2,126.8635661,37.52630568
2019,,서울특별시 양천구4,서울특별시 양천구 신월동(과학수사연구원입구사거리 부근),4,7,0,1,5,1,126.8372071,37.52163621
2019,,서울특별시 양천구5,서울특별시 양천구 목동(목동2단지아파트입구 부근),4,4,0,1,3,0,126.878121,37.53642856
2019,,서울특별시 양천구6,서울특별시 양천구 신정동(에반이즈사고력교육목동직영센터 부근),4,4,0,0,3,1,126.8722274,37.52027911
2019,,서울특별시 강서구1,서울특별시 강서구 화곡동(강서구청입구교차로 부근),7,7,0,0,2,5,126.8525452,37.555813
2019,,서울특별시 강서구2,서울특별시 강서구 화곡동(능력교회신월성전 부근),4,4,0,2,2,0,126.8348615,37.53440384
2019,,서울특별시 구로구1,서울특별시 구로구 구로동(동구로새마을금고 본점 부근),7,8,0,2,6,0,126.8908303,37.49278397
2019,,서울특별시 구로구2,서울특별시 구로구 신도림동(구로구리틀야구장 부근),5,5,0,2,3,0,126.8819445,37.5154779
2019,,서울특별시 구로구3,서울특별시 구로구 개봉동(sk에너지 개봉주유소 부근),4,4,0,2,1,1,126.8518356,37.49819188
2019,,서울특별시 금천구1,서울특별시 금천구 시흥동(은행나무시장 부근),5,5,0,2,3,0,126.9080371,37.45108447
2019,,서울특별시 금천구2,서울특별시 금천구 독산동(태천대오피스텔 부근),5,5,0,1,3,1,126.899382,37.48049336
2019,,서울특별시 영등포구1,서울특별시 영등포구 도림동(신도림역입구교차로 부근),8,9,0,2,5,2,126.8964888,37.50895935
2019,,서울특별시 영등포구2,서울특별시 영등포구 대림동(대림3동사거리 부근),8,8,0,1,5,2,126.8979571,37.49981501
2019,,서울특별시 영등포구3,서울특별시 영등포구 영등포동8가(영등포전화국사거리 부근),7,7,0,2,3,2,126.9056109,37.52617268
2019,,서울특별시 영등포구4,서울특별시 영등포구 대림동(구로도서관 부근),7,7,0,1,5,1,126.8919456,37.49899817
2019,,서울특별시 영등포구5,서울특별시 영등포구 양평동6가(양화한강공원농구장 부근),7,9,0,0,9,0,126.8930542,37.54374689
2019,,서울특별시 영등포구6,서울특별시 영등포구 영등포동3가(영등포시장사거리 부근),6,7,1,3,3,0,126.9052271,37.51950329
2019,,서울특별시 영등포구7,서울특별시 영등포구 대림동(우성아파트사거리 부근),6,6,1,1,4,0,126.9003627,37.49540376
2019,,서울특별시 영등포구8,서울특별시 영등포구 대림동(한사랑한의원 부근),5,5,0,0,4,1,126.9015913,37.49098217
2019,,서울특별시 영등포구9,서울특별시 영등포구 문래동3가(홈플러스영등포점 부근),5,5,0,0,4,1,126.8974176,37.51868479
2019,,서울특별시 영등포구10,서울특별시 영등포구 영등포동4가(청과시장입구 부근),4,4,1,0,3,0,126.9045037,37.51567379
2019,,서울특별시 영등포구11,서울특별시 영등포구 여의도동(한강조망대 부근),4,4,0,2,2,0,126.9233603,37.53301236
2019,,서울특별시 영등포구12,서울특별시 영등포구 여의도동(여의도한강공원서울색공원입구 부근),4,6,0,1,4,1,126.932952,37.52740536
2019,,서울특별시 영등포구13,서울특별시 영등포구 당산동2가(영등포유통상가사거리 부근),4,4,0,1,2,1,126.8955789,37.52197434
2019,,서울특별시 동작구1,서울특별시 동작구 사당동(파리바게뜨 이수역자이점 부근),8,8,0,1,3,4,126.9805361,37.48478252
2019,,서울특별시 동작구2,서울특별시 동작구 본동(한강대교남단교차로 부근),7,7,0,2,3,2,126.9559861,37.51385747
2019,,서울특별시 동작구3,서울특별시 동작구 신대방동(대림사거리 부근),6,6,0,1,4,1,126.9064051,37.48902893
2019,,서울특별시 동작구4,서울특별시 동작구 신대방동(모스키친 부근),4,4,0,1,2,1,126.927762,37.4976016
2019,,서울특별시 관악구1,서울특별시 관악구 신림동(신림청암두산위브 부근),5,5,0,1,2,2,126.9301269,37.4822035
2019,,서울특별시 관악구2,서울특별시 관악구 신림동(조원초등학교정문 부근),3,3,1,1,1,0,126.9090543,37.48384044
2019,,서울특별시 서초구1,서울특별시 서초구 반포동(반포본동 주민센터 부근),4,4,0,1,3,0,126.9861723,37.50070938
2019,,서울특별시 강남구1,서울특별시 강남구 수서동(수서역(북)공영주차장입구 부근),4,4,1,1,2,0,127.1014812,37.48761621
2019,,서울특별시 강남구2,서울특별시 강남구 신사동(잠원수상택시승강장 부근),4,5,0,1,3,1,127.0167236,37.52627459
2019,,서울특별시 송파구1,서울특별시 송파구 가락동(가락시장사거리 부근),9,9,0,3,5,1,127.1140796,37.49749978
2019,,서울특별시 송파구2,서울특별시 송파구 삼전동(삼전사거리 부근),8,8,0,1,5,2,127.0891587,37.5039861
2019,,서울특별시 송파구3,서울특별시 송파구 방이동(올림픽공원사거리 부근),7,8,0,1,6,1,127.1279872,37.51197199
2019,,서울특별시 송파구4,서울특별시 송파구 가락동(가락시장역 부근),6,6,0,4,1,1,127.1183154,37.49238594
2019,,서울특별시 송파구5,서울특별시 송파구 풍납동(풍납도깨비시장 부근),6,6,0,2,3,1,127.1201278,37.53745428
2019,,서울특별시 송파구6,서울특별시 송파구 석촌동(석촌호(서호)사거리 부근),5,5,0,2,3,0,127.0971487,37.5065332
2019,,서울특별시 송파구7,서울특별시 송파구 방이동(올림픽공원남4문 부근),5,5,0,2,2,1,127.1158836,37.51623818
2019,,서울특별시 송파구8,서울특별시 송파구 방이동(올림픽공원북2문교차로 부근),5,5,0,2,2,1,127.1281545,37.52398294
2019,,서울특별시 송파구9,서울특별시 송파구 가락동(송파농협 가락지점 부근),5,5,0,1,1,3,127.1108609,37.50047245
2019,,서울특별시 송파구10,서울특별시 송파구 삼전동(잠실학원사거리 부근),5,5,0,0,4,1,127.0905479,37.50758415
2019,,서울특별시 송파구11,서울특별시 송파구 잠실동(탄천합수부 부근),4,6,0,3,2,1,127.0689989,37.51832867
2019,,서울특별시 송파구12,서울특별시 송파구 잠실동(잠실선착장이랜드크루즈매표소 부근),4,5,0,3,2,0,127.0832235,37.5182986
2019,,서울특별시 송파구13,서울특별시 송파구 풍납동,4,6,0,2,3,1,127.1092295,37.53320582
2019,,서울특별시 송파구14,서울특별시 송파구 잠실동(아시아선수촌아파트삼거리 부근),4,4,0,2,1,1,127.0793649,37.50789855
2019,,서울특별시 송파구15,서울특별시 송파구 가락동(광평교사거리 부근),4,4,0,1,3,0,127.1093778,37.48956248
2019,,서울특별시 송파구16,서울특별시 송파구 오금동(거여동사거리 부근),4,4,0,1,2,1,127.1388853,37.49596177
2019,,서울특별시 송파구17,서울특별시 송파구 가락동(롯데하이마트 가락점 부근),4,4,0,1,1,2,127.1282656,37.5015845
2019,,서울특별시 송파구18,서울특별시 송파구 잠실동(아시아선수촌아파트후문 부근),4,4,0,1,1,2,127.0772431,37.50521666
2019,,서울특별시 송파구19,서울특별시 송파구 방이동(올림픽대교남단사거리 부근),4,4,0,0,4,0,127.1173936,37.52536154
2019,,서울특별시 송파구20,서울특별시 송파구 방이동(송파구청사거리 부근),4,4,0,0,4,0,127.1073088,37.51553772
2019,,서울특별시 송파구21,서울특별시 송파구 삼전동(배명사거리 부근),4,4,0,0,3,1,127.0969055,37.50355967
2019,,서울특별시 송파구22,서울특별시 송파구 방이동(둔촌사거리 부근),4,4,0,0,2,2,127.1338524,37.52135375
2019,,서울특별시 강동구1,서울특별시 강동구 천호동(동신중학교정문 부근),7,7,0,2,3,2,127.1336792,37.537583
2019,,서울특별시 강동구2,서울특별시 강동구 길동(길동사거리 부근),7,7,0,1,5,1,127.1382824,37.53424349
2019,,서울특별시 강동구3,서울특별시 강동구 천호동(한국타이어 동아상사 부근),5,6,0,0,4,2,127.1309148,37.54489143
2019,,서울특별시 강동구4,서울특별시 강동구 성내동(E1 경기에너지충전소 부근),4,4,0,1,2,1,127.1281025,37.53692664
2019,,서울특별시 강동구5,서울특별시 강동구 천호동(천호시장입구 부근),4,5,0,0,2,3,127.1269709,37.54076641
2020,,서울특별시 종로구1,서울특별시 종로구 서린동(종로구청입구 부근),5,5,0,2,3,0,126.9793824,37.56990824
2020,,서울특별시 중구1,서울특별시 중구 을지로6가(신평화시장 부근),4,5,0,0,4,1,127.0110309,37.56960613
2020,,서울특별시 용산구1,서울특별시 용산구 서빙고동(반포대교북단 부근),4,4,0,1,3,0,126.9944037,37.51930579
2020,,서울특별시 용산구2,서울특별시 용산구 이촌동(이촌동길대건로진입로1 부근),4,4,0,1,3,0,126.9615433,37.52270089
2020,,서울특별시 성동구1,서울특별시 성동구 성수동2가(뚝도시장 부근),5,5,0,3,2,0,127.0548284,37.53909328
2020,,서울특별시 성동구2,서울특별시 성동구 성수동1가(개풍빌딩 부근),5,5,0,1,4,0,127.0493937,37.54653118
2020,,서울특별시 성동구3,서울특별시 성동구 성수동1가(성수여중 부근),5,5,0,0,4,1,127.0496003,37.54023943
2020,,서울특별시 성동구4,서울특별시 성동구 성수동1가(대림아파트 부근),4,4,0,1,3,0,127.0442645,37.54205862
2020,,서울특별시 광진구1,서울특별시 광진구 군자동(능동119안전센터 부근),4,4,0,3,1,0,127.0785212,37.55557997
2020,,서울특별시 광진구2,서울특별시 광진구 구의동(광진우체국 부근),4,4,0,1,3,0,127.0897863,37.53807611
2020,,서울특별시 광진구3,서울특별시 광진구 자양동(신양초교앞 부근),4,4,0,1,2,1,127.0690031,37.5352922
2020,,서울특별시 동대문구1,서울특별시 동대문구 용두동(마장동사거리 부근),9,9,0,1,5,3,127.0380853,37.5728606
2020,,서울특별시 동대문구2,서울특별시 동대문구 용두동(청계천대성스카이렉스 부근),8,9,0,1,6,2,127.0303579,37.57007218
2020,,서울특별시 동대문구3,서울특별시 동대문구 용두동(용두치안센터 부근),7,8,0,2,5,1,127.0339726,37.57803273
2020,,서울특별시 동대문구4,서울특별시 동대문구 용두동(성심의원고산자로진입 부근),6,6,1,1,3,1,127.0380652,37.57627757
2020,,서울특별시 동대문구5,서울특별시 동대문구 청량리동(식당재료유통할인 부근),6,6,0,2,3,1,127.0422399,37.58310426
2020,,서울특별시 동대문구6,서울특별시 동대문구 장안동(장한로답십리로진출 부근),5,5,0,4,1,0,127.0717367,37.57279792
2020,,서울특별시 동대문구7,서울특별시 동대문구 장안동(나나약국 부근),5,5,0,3,2,0,127.0727106,37.5679166
2020,,서울특별시 동대문구8,서울특별시 동대문구 장안동(서광아침의빛아파트 부근),5,8,0,2,5,1,127.0736714,37.56528917
2020,,서울특별시 동대문구9,서울특별시 동대문구 답십리동(촬영소사거리 부근),4,4,0,1,2,1,127.0656891,37.57195606
2020,,서울특별시 동대문구10,서울특별시 동대문구 신설동(신설동역 부근),4,6,0,0,5,1,127.0234154,37.57553356
2020,,서울특별시 중랑구1,서울특별시 중랑구 중화동(제일은행 부근),8,8,1,0,6,1,127.0800001,37.59499505
2020,,서울특별시 중랑구2,서울특별시 중랑구 중화동(태능시장 부근),8,10,0,2,8,0,127.0778571,37.59918596
2020,,서울특별시 중랑구3,서울특별시 중랑구 면목동(면목2동사거리 부근),7,7,0,3,3,1,127.0799745,37.58710534
2020,,서울특별시 중랑구4,서울특별시 중랑구 상봉동(새서울극장앞 부근),6,6,0,2,1,3,127.0725706,37.59308592
2020,,서울특별시 중랑구5,서울특별시 중랑구 면목동(중랑전화국 부근),6,6,0,0,4,2,127.0800421,37.59120671
2020,,서울특별시 중랑구6,서울특별시 중랑구 묵동(제일프라자 부근),5,5,0,3,2,0,127.0768583,37.60585375
2020,,서울특별시 중랑구7,서울특별시 중랑구 묵동(두산대림아파트 부근),5,5,0,3,1,1,127.0869547,37.61898819
2020,,서울특별시 중랑구8,서울특별시 중랑구 면목동(장안교일반국도3호선 부근),5,5,0,0,3,2,127.0796613,37.58218878
2020,,서울특별시 중랑구9,서울특별시 중랑구 면목동(용마터널서측 부근),4,4,1,0,2,1,127.0897502,37.58056889
2020,,서울특별시 중랑구10,서울특별시 중랑구 중화동(이화교서측중랑천길 부근),4,4,0,2,2,0,127.073953,37.60027946
2020,,서울특별시 중랑구11,서울특별시 중랑구 면목동(혜원사거리 부근),4,6,0,1,3,2,127.0932045,37.59325379
2020,,서울특별시 성북구1,서울특별시 성북구 석관동(우현빌딩 부근),7,7,0,1,5,1,127.0651371,37.61428123
2020,,서울특별시 성북구2,서울특별시 성북구 종암동(종암사거리 부근),6,6,0,3,3,0,127.0323732,37.60339533
2020,,서울특별시 성북구3,서울특별시 성북구 종암동(고려대역 부근),5,5,0,1,4,0,127.0361453,37.59183554
2020,,서울특별시 성북구4,서울특별시 성북구 삼선동1가(한성대입구역 부근),5,5,0,0,4,1,127.0068049,37.58791517
2020,,서울특별시 성북구5,서울특별시 성북구 장위동(오현초교 부근),4,4,0,1,3,0,127.0460326,37.62189772
2020,,서울특별시 강북구1,서울특별시 강북구 번동(김홍석치과 부근),9,9,1,1,7,0,127.0281282,37.64039314
2020,,서울특별시 강북구2,서울특별시 강북구 미아동(수유치과의원 부근),7,7,0,1,5,1,127.0247316,37.62999885
2020,,서울특별시 강북구3,서울특별시 강북구 수유동(수유역 부근),6,6,0,2,4,0,127.0248596,37.63759024
2020,,서울특별시 강북구4,서울특별시 강북구 번동(오현로32길3 부근),4,5,0,2,3,0,127.0395881,37.62861778
2020,,서울특별시 강북구5,서울특별시 강북구 번동(금보빌딩 부근),3,3,1,0,2,0,127.0264144,37.63490656
2020,,서울특별시 도봉구1,서울특별시 도봉구 방학동(신도봉사거리 부근),5,5,0,3,1,1,127.0445711,37.67098378
2020,,서울특별시 도봉구2,서울특별시 도봉구 도봉동(도봉산교회 부근),5,7,0,3,0,4,127.0505287,37.68064601
2020,,서울특별시 도봉구3,서울특별시 도봉구 쌍문동(창동구민회관앞 부근),5,5,0,2,3,0,127.0378656,37.65430517
2020,,서울특별시 도봉구4,서울특별시 도봉구 창동(도봉보건소 부근),5,5,0,2,2,1,127.0396271,37.65717568
2020,,서울특별시 도봉구5,서울특별시 도봉구 창동(창4동사무소 부근),5,5,0,1,3,1,127.0516002,37.65146489
2020,,서울특별시 노원구1,서울특별시 노원구 공릉동(태릉입구역 부근),6,6,0,3,3,0,127.0754757,37.61738344
2020,,서울특별시 노원구2,서울특별시 노원구 상계동(노원역노해길진입1 부근),6,6,0,2,4,0,127.0614262,37.65437137
2020,,서울특별시 노원구3,서울특별시 노원구 상계동(상계초등학교 부근),6,6,0,0,5,1,127.0649535,37.65936835
2020,,서울특별시 노원구4,서울특별시 노원구 상계동(상계10동우체국 부근),5,5,0,1,3,1,127.061458,37.66097283
2020,,서울특별시 노원구5,서울특별시 노원구 중계동(혜성여고 부근),5,5,0,1,2,2,127.0724582,37.64172676
2020,,서울특별시 노원구6,서울특별시 노원구 중계동(상명여자중고등학교 부근),5,6,0,0,6,0,127.0685258,37.64746298
2020,,서울특별시 노원구7,서울특별시 노원구 상계동(상계초교입구 부근),5,5,0,0,4,1,127.0683521,37.65789081
2020,,서울특별시 노원구8,서울특별시 노원구 상계동(창동교 부근),4,4,0,0,2,2,127.0551134,37.65318022
2020,,서울특별시 은평구1,서울특별시 은평구 역촌동(제일기사식당 부근),10,11,0,5,5,1,126.9152128,37.6070836
2020,,서울특별시 은평구2,서울특별시 은평구 녹번동(은평구청 부근),6,7,0,2,2,3,126.9285133,37.60226068
2020,,서울특별시 은평구3,서울특별시 은평구 역촌동(기아자동차 부근),5,5,1,1,3,0,126.9159664,37.60046061
2020,,서울특별시 은평구4,서울특별시 은평구 불광동(불광로28 부근),5,5,0,1,4,0,126.9286624,37.61033712
2020,,서울특별시 은평구5,서울특별시 은평구 불광동(연천초교길연서로진입 부근),4,4,0,3,1,0,126.9262587,37.62145725
2020,,서울특별시 서대문구1,서울특별시 서대문구 홍제동(홍제초등교 부근),5,6,1,1,2,2,126.9434722,37.59162364
2020,,서울특별시 서대문구2,서울특별시 서대문구 홍은동(봉산빌딩 부근),5,6,0,2,0,4,126.936447,37.58075677
2020,,서울특별시 서대문구3,서울특별시 서대문구 홍은동(충암스포츠센타 부근),4,4,0,2,1,1,126.9232981,37.58516392
2020,,서울특별시 서대문구4,서울특별시 서대문구 남가좌동(내부순환로홍제천변길 부근),4,4,0,1,0,3,126.9197723,37.57099556
2020,,서울특별시 마포구1,서울특별시 마포구 망원동(털보카센타 부근),7,7,0,3,2,2,126.9045488,37.56177393
2020,,서울특별시 마포구2,서울특별시 마포구 공덕동(롯데캐슬프레지던트오 부근),5,5,0,0,5,0,126.9513444,37.54464588
2020,,서울특별시 양천구1,서울특별시 양천구 신월동(신월사거리 부근),5,5,0,2,2,1,126.8285851,37.53591675
2020,,서울특별시 강서구1,서울특별시 강서구 화곡동(동서파크빌라 부근),9,9,0,0,8,1,126.8491482,37.5303026
2020,,서울특별시 강서구2,서울특별시 강서구 등촌동(강서구청입구 부근),5,5,0,2,3,0,126.8522079,37.55589819
2020,,서울특별시 강서구3,서울특별시 강서구 화곡동(무지개빌라 부근),4,4,0,0,4,0,126.85358,37.55302141
2020,,서울특별시 강서구4,서울특별시 강서구 등촌동(거산하이빌입구 부근),4,4,0,0,4,0,126.8600299,37.54678319
2020,,서울특별시 구로구1,서울특별시 구로구 구로동(구로구영등포구경계5 부근),6,6,0,4,2,0,126.8936769,37.50732852
2020,,서울특별시 구로구2,서울특별시 구로구 구로동(신구로주유소가마산길 부근),6,6,0,4,0,2,126.8926452,37.49745453
2020,,서울특별시 구로구3,서울특별시 구로구 신도림동(신성은하수아파트 부근),5,6,0,1,4,1,126.8864976,37.50801244
2020,,서울특별시 구로구4,서울특별시 구로구 고척동(센츄리아파트 부근),5,6,0,1,4,1,126.861102,37.50524013
2020,,서울특별시 구로구5,서울특별시 구로구 구로동(벽산디지털밸리III 부근),4,4,0,1,2,1,126.8942295,37.48353232
2020,,서울특별시 구로구6,서울특별시 구로구 구로동(영서중 부근),4,4,0,0,3,1,126.8913993,37.48957808
2020,,서울특별시 금천구1,서울특별시 금천구 시흥동(시흥사거리 부근),5,5,0,0,4,1,126.900668,37.45458029
2020,,서울특별시 금천구2,서울특별시 금천구 가산동(공단오거리 부근),4,6,0,1,4,1,126.8914629,37.47895142
2020,,서울특별시 영등포구1,서울특별시 영등포구 대림동(대림3PB 부근),10,10,0,2,6,2,126.899197,37.49665729
2020,,서울특별시 영등포구2,서울특별시 영등포구 영등포동3가(영등포시장앞 부근),8,8,0,1,6,1,126.9046892,37.51985399
2020,,서울특별시 영등포구3,서울특별시 영등포구 대림동(대림역 부근),7,8,0,3,5,0,126.8960436,37.49252165
2020,,서울특별시 영등포구4,서울특별시 영등포구 대림동(대림공원사거리 부근),7,7,0,2,5,0,126.9013295,37.49312213
2020,,서울특별시 영등포구5,서울특별시 영등포구 신길동(사러가시장앞 부근),6,6,0,3,3,0,126.9109794,37.50693826
2020,,서울특별시 영등포구6,서울특별시 영등포구 영등포동7가(영등포전화국 부근),6,7,0,2,4,1,126.9064877,37.52554925
2020,,서울특별시 영등포구7,서울특별시 영등포구 문래동5가(신정교동단 부근),6,9,0,1,6,2,126.881872,37.51617757
2020,,서울특별시 영등포구8,서울특별시 영등포구 대림동(대림공원사거리 부근),6,6,0,1,4,1,126.9006623,37.48999189
2020,,서울특별시 영등포구9,서울특별시 영등포구 당산동6가(당산지하차도북측 부근),5,6,0,2,4,0,126.9045591,37.53711784
2020,,서울특별시 영등포구10,서울특별시 영등포구 문래동5가(오목교동단 부근),5,7,0,1,6,0,126.881312,37.52379104
2020,,서울특별시 영등포구11,서울특별시 영등포구 신길동(보라매공원입구 부근),5,5,0,1,3,1,126.9175976,37.49719786
2020,,서울특별시 영등포구12,서울특별시 영등포구 신길동(대진목재 부근),5,5,0,0,3,2,126.9029379,37.50417327
2020,,서울특별시 영등포구13,서울특별시 영등포구 여의도동(여의나루역 부근),4,6,0,2,2,2,126.9323617,37.52809854
2020,,서울특별시 영등포구14,서울특별시 영등포구 여의도동(영등포수난구조대입구 부근),4,4,0,2,2,0,126.9195462,37.53445386
2020,,서울특별시 영등포구15,서울특별시 영등포구 양화동(올림픽대로램프7 부근),4,5,0,1,3,1,126.8921857,37.54449439
2020,,서울특별시 영등포구16,서울특별시 영등포구 신길동(하이마트 부근),4,4,0,0,3,1,126.9081517,37.49770788
2020,,서울특별시 영등포구17,서울특별시 영등포구 신길동(대방역 부근),4,4,0,0,3,1,126.9254292,37.51266092
2020,,서울특별시 영등포구18,서울특별시 영등포구 여의도동(여의하류IC10 부근),4,6,0,0,1,5,126.9116832,37.53401836
2020,,서울특별시 동작구1,서울특별시 동작구 신대방동(신대방삼거리역 부근),6,8,0,1,5,2,126.9280971,37.4996493
2020,,서울특별시 동작구2,서울특별시 동작구 노량진동(노량진전화국 부근),5,6,0,3,2,1,126.9351203,37.51317665
2020,,서울특별시 동작구3,서울특별시 동작구 노량진동(올림픽대로노들길램프 부근),4,6,0,2,3,1,126.9467313,37.51787329
2020,,서울특별시 관악구1,서울특별시 관악구 신림동(패션거리입구 부근),9,9,0,5,3,1,126.9303859,37.48844824
2020,,서울특별시 관악구2,서울특별시 관악구 신림동(디지털단지입구 부근),8,8,0,4,3,1,126.9009815,37.48295795
2020,,서울특별시 관악구3,서울특별시 관악구 남현동(사당역 부근),5,5,0,0,2,3,126.9821077,37.47657127
2020,,서울특별시 관악구4,서울특별시 관악구 신림동(김동규치과의원 부근),4,4,0,1,3,0,126.9166797,37.47517929
2020,,서울특별시 강남구1,서울특별시 강남구 압구정동(한남IC미성길진입 부근),4,5,0,1,4,0,127.017286,37.52679968
2020,,서울특별시 송파구1,서울특별시 송파구 송파동(석촌역 부근),11,12,0,6,5,1,127.1073157,37.5052614
2020,,서울특별시 송파구2,서울특별시 송파구 풍납동(세제빌딩 부근),9,9,0,3,5,1,127.1173536,37.52586298
2020,,서울특별시 송파구3,서울특별시 송파구 삼전동(배명로터리 부근),9,9,0,2,4,3,127.0973011,37.50281936
2020,,서울특별시 송파구4,서울특별시 송파구 삼전동(삼전사거리 부근),9,10,0,2,3,5,127.0878119,37.50443894
2020,,서울특별시 송파구5,서울특별시 송파구 가락동(가락시장동문 부근),9,9,0,1,5,3,127.117407,37.49394046
2020,,서울특별시 송파구6,서울특별시 송파구 잠실동(신천역 부근),8,8,0,2,4,2,127.0843195,37.51177484
2020,,서울특별시 송파구7,서울특별시 송파구 잠실동(잠실역 부근),7,7,0,2,5,0,127.1002601,37.51319308
2020,,서울특별시 송파구8,서울특별시 송파구 송파동(송파사거리 부근),7,7,0,2,5,0,127.1101727,37.50203094
2020,,서울특별시 송파구9,서울특별시 송파구 잠실동(잠실갤러리아후문 부근),7,8,0,2,4,2,127.0928234,37.51108751
2020,,서울특별시 송파구10,서울특별시 송파구 방이동(송파구청 부근),7,7,0,0,7,0,127.106641,37.5153233
2020,,서울특별시 송파구11,서울특별시 송파구 삼전동(석촌호수서호 부근),7,7,0,0,5,2,127.0960718,37.50696809
2020,,서울특별시 송파구12,서울특별시 송파구 삼전동(송파구민회관 부근),6,6,0,2,2,2,127.0923824,37.50298042
2020,,서울특별시 송파구13,서울특별시 송파구 마천동(성내2교남단 부근),6,7,0,1,6,0,127.1452939,37.49875616
2020,,서울특별시 송파구14,서울특별시 송파구 신천동(올림픽대로일반국도3호 부근),6,7,0,1,5,1,127.1007626,37.52295386
2020,,서울특별시 송파구15,서울특별시 송파구 송파동(방이사거리 부근),6,6,0,1,4,1,127.1119332,37.51040521
2020,,서울특별시 송파구16,서울특별시 송파구 방이동(올림픽공원 부근),5,5,0,2,3,0,127.1283914,37.51181252
2020,,서울특별시 송파구17,서울특별시 송파구 석촌동(석촌호수남석촌사거리 부근),5,5,0,2,2,1,127.1040157,37.50881251
2020,,서울특별시 송파구18,서울특별시 송파구 가락동(상아아파트 부근),5,5,0,1,4,0,127.1369066,37.49711367
2020,,서울특별시 송파구19,서울특별시 송파구 거여동(거여역거여사거리 부근),5,5,0,0,3,2,127.1450956,37.49439353
2020,,서울특별시 송파구20,서울특별시 송파구 잠실동(청담IC4 부근),4,6,0,3,1,2,127.0682432,37.51790227
2020,,서울특별시 송파구21,서울특별시 송파구 잠실동(종합운동장 부근),4,4,0,2,2,0,127.0783981,37.51173893
2020,,서울특별시 강동구1,서울특별시 강동구 성내동(강동성심병원 부근),8,8,0,1,5,2,127.1336511,37.5339511
2020,,서울특별시 강동구2,서울특별시 강동구 성내동(성내초등교 부근),5,6,0,3,1,2,127.1212639,37.53064424
2020,,서울특별시 강동구3,서울특별시 강동구 둔촌동(둔촌사거리 부근),5,5,0,1,2,2,127.1337887,37.521482
2020,,서울특별시 강동구4,서울특별시 강동구 천호동(천호시장 부근),4,4,1,0,3,0,127.1297654,37.53922093
2020,,서울특별시 강동구5,서울특별시 강동구 천호동(구강사 부근),4,4,0,2,2,0,127.1289102,37.54505002
2020,,서울특별시 강동구6,서울특별시 강동구 둔촌동(둔촌고교입구 부근),4,4,0,2,2,0,127.1456975,37.53560129
2020,,서울특별시 강동구7,서울특별시 강동구 천호동(올림픽대로구천면길램 부근),4,5,0,2,0,3,127.1203877,37.54723744
2020,,서울특별시 강동구8,서울특별시 강동구 성내동(둔촌동역 부근),4,4,0,1,3,0,127.1363211,37.52843047
2021,,서울특별시 종로구1,서울특별시 종로구 세종로(세종로180 부근),5,5,0,2,2,1,126.977277,37.56954474
2021,,서울특별시 종로구2,서울특별시 종로구 창신동(흥인지문사거리 부근),3,4,1,0,2,1,127.0087898,37.57117419
2021,,서울특별시 중구1,서울특별시 중구 신당동(신평화시장 부근),5,6,0,0,6,0,127.013063,37.56973988
2021,,서울특별시 용산구1,서울특별시 용산구 한강로2가(유미빌딩 부근),4,4,0,2,2,0,126.967466,37.5300918
2021,,서울특별시 성동구1,서울특별시 성동구 금호동4가(금호삼거리 부근),6,7,0,2,4,1,127.0242847,37.54415856
2021,,서울특별시 성동구2,서울특별시 성동구 마장동(도선사거리 부근),5,7,0,1,5,1,127.0365604,37.56585435
2021,,서울특별시 성동구3,서울특별시 성동구 성수동2가(윤진약국 부근),5,5,0,1,4,0,127.053921,37.53754188
2021,,서울특별시 성동구4,서울특별시 성동구 성수동2가(성수역앞교차로 부근),5,5,0,0,4,1,127.0571331,37.54413676
2021,,서울특별시 성동구5,서울특별시 성동구 성수동2가(성수여중 부근),4,4,1,1,1,1,127.0504005,37.5400541
2021,,서울특별시 성동구6,서울특별시 성동구 성수동1가(성수동1가68915 부근),4,4,0,1,3,0,127.0379878,37.53928511
2021,,서울특별시 성동구7,서울특별시 성동구 응봉동(응봉교남측 부근),4,4,0,1,2,1,127.0345055,37.54925334
2021,,서울특별시 광진구1,서울특별시 광진구 자양동(갈보리교회 인근),5,5,0,2,3,0,127.0700871,37.52803771
2021,,서울특별시 광진구2,서울특별시 광진구 자양동(자양사거리 부근),4,4,0,2,2,0,127.0838015,37.53647198
2021,,서울특별시 동대문구1,서울특별시 동대문구 용두동(시립동부병원앞교차로 부근),8,10,0,1,8,1,127.0321253,37.57415507
2021,,서울특별시 동대문구2,서울특별시 동대문구 장안동(화승상사 부근),7,8,0,2,5,1,127.0700889,37.56105682
2021,,서울특별시 동대문구3,서울특별시 동대문구 제기동(경동시장앞교차로 부근),7,7,0,2,2,3,127.0383551,37.57847283
2021,,서울특별시 동대문구4,서울특별시 동대문구 용두동(동대문구청사거리 부근),7,7,0,1,4,2,127.0383009,37.57354197
2021,,서울특별시 동대문구5,서울특별시 동대문구 답십리동(신답역앞교차로 부근),6,6,0,3,1,2,127.0486905,37.57012894
2021,,서울특별시 동대문구6,서울특별시 동대문구 청량리동(성바오로병원앞교차로 부근),6,7,0,1,6,0,127.0436382,37.57978671
2021,,서울특별시 동대문구7,서울특별시 동대문구 제기동(식당재료유통할인 부근),6,6,0,0,3,3,127.0406391,37.5831371
2021,,서울특별시 동대문구8,서울특별시 동대문구 용두동(마장IC 부근),5,6,0,2,4,0,127.0346675,37.57639117
2021,,서울특별시 동대문구9,서울특별시 동대문구 전농동(배봉초교앞교차로 부근),5,5,0,2,3,0,127.0678147,37.57866473
2021,,서울특별시 동대문구10,서울특별시 동대문구 휘경동(회기역앞교차로 부근),4,4,0,3,0,1,127.0552795,37.58952062
2021,,서울특별시 동대문구11,서울특별시 동대문구 이문동(이문대림아파트 부근),4,4,0,1,3,0,127.0673423,37.60328393
2021,,서울특별시 중랑구1,서울특별시 중랑구 상봉동(상봉시장앞 부근),11,12,0,5,5,2,127.0861254,37.5917998
2021,,서울특별시 중랑구2,서울특별시 중랑구 면목동(면목2동사거리 부근),9,9,0,1,5,3,127.0807117,37.58702205
2021,,서울특별시 중랑구3,서울특별시 중랑구 면목동(겸재작은도서관 부근),8,11,0,2,6,3,127.0738461,37.58626371
2021,,서울특별시 중랑구4,서울특별시 중랑구 망우동(망우사거리 부근),6,6,0,2,3,1,127.1003863,37.59992585
2021,,서울특별시 중랑구5,서울특별시 중랑구 중화동(태능시장 부근),6,7,0,2,2,3,127.0769051,37.59802705
2021,,서울특별시 중랑구6,서울특별시 중랑구 중화동(대원메디컬빌딩 부근),6,6,0,2,2,2,127.0781861,37.60185484
2021,,서울특별시 중랑구7,서울특별시 중랑구 신내동(중랑소방서앞교차로 부근),6,6,0,1,5,0,127.0961088,37.61477728
2021,,서울특별시 중랑구8,서울특별시 중랑구 면목동(중랑전화국앞교차로 부근),5,5,0,2,2,1,127.0800277,37.59175648
2021,,서울특별시 중랑구9,서울특별시 중랑구 신내동(진로APT 부근),4,5,1,3,1,0,127.0918181,37.61644055
2021,,서울특별시 중랑구10,서울특별시 중랑구 중화동(동부시장앞교차로 부근),4,5,0,1,2,2,127.0770332,37.59426965
2021,,서울특별시 중랑구11,서울특별시 중랑구 면목동(장안교앞 부근),4,4,0,0,4,0,127.0789312,37.58152904
2021,,서울특별시 성북구1,서울특별시 성북구 종암동(종암사거리 부근),5,5,0,2,3,0,127.0322061,37.60331292
2021,,서울특별시 성북구2,서울특별시 성북구 하월곡동(월곡역앞교차로 부근),4,4,0,3,0,1,127.0413884,37.60174369
2021,,서울특별시 강북구1,서울특별시 강북구 수유동(광산사거리 부근),8,9,0,0,8,1,127.0223862,37.64326064
2021,,서울특별시 강북구2,서울특별시 강북구 번동(번동사거리 부근),6,6,0,2,4,0,127.0330812,37.63562444
2021,,서울특별시 강북구3,서울특별시 강북구 미아동(수유치과의원 부근),6,6,0,0,6,0,127.0244621,37.63025502
2021,,서울특별시 강북구4,서울특별시 강북구 번동(쌍문시장 부근),4,4,0,1,3,0,127.0268018,37.63987598
2021,,서울특별시 강북구5,서울특별시 강북구 번동(수유사거리 부근),4,4,0,0,4,0,127.0245071,37.63712669
2021,,서울특별시 도봉구1,서울특별시 도봉구 창동(창동변전소 부근),5,5,0,2,2,1,127.0406121,37.65795674
2021,,서울특별시 도봉구2,서울특별시 도봉구 방학동(도봉소방서 부근),4,4,0,0,4,0,127.0427688,37.6644643
2021,,서울특별시 노원구1,서울특별시 노원구 상계동(창동교앞교차로 부근),10,10,0,3,6,1,127.0549786,37.65328481
2021,,서울특별시 노원구2,서울특별시 노원구 중계동(중계역앞교차로 부근),7,7,1,2,3,1,127.0637225,37.64560978
2021,,서울특별시 노원구3,서울특별시 노원구 상계동(상계초교입구교차로 부근),7,7,0,1,4,2,127.0663981,37.65708822
2021,,서울특별시 노원구4,서울특별시 노원구 상계동(녹천교앞교차로 부근),6,8,0,2,5,1,127.056422,37.64509264
2021,,서울특별시 노원구5,서울특별시 노원구 상계동(노원역 부근),5,6,0,2,4,0,127.0605118,37.6544564
2021,,서울특별시 노원구6,서울특별시 노원구 중계동(청암고교앞교차로 부근),5,5,0,1,3,1,127.0727558,37.65148078
2021,,서울특별시 노원구7,서울특별시 노원구 중계동(양지근린공원앞 부근),5,5,0,0,2,3,127.0756845,37.64788554
2021,,서울특별시 노원구8,서울특별시 노원구 공릉동(태릉입구역앞교차로 부근),4,4,0,2,2,0,127.0755604,37.61770212
2021,,서울특별시 노원구9,서울특별시 노원구 하계동(중계롯데아파트 부근),4,5,0,1,3,1,127.0596369,37.63814635
2021,,서울특별시 노원구10,서울특별시 노원구 하계동(하계역교차로 부근),4,4,0,1,3,0,127.0686032,37.63605232
2021,,서울특별시 은평구1,서울특별시 은평구 역촌동(신사오거리 부근),6,6,0,2,2,2,126.9161417,37.60107383
2021,,서울특별시 서대문구1,서울특별시 서대문구 홍은동(홍은동21727 부근),5,6,1,0,3,2,126.9426766,37.59124739
2021,,서울특별시 양천구1,서울특별시 양천구 목동(목동5단지교차로 부근),6,6,0,1,3,2,126.8798299,37.53547404
2021,,서울특별시 양천구2,서울특별시 양천구 신월동(월정초교앞교차로 부근),5,7,0,1,3,3,126.8339673,37.5369496
2021,,서울특별시 양천구3,서울특별시 양천구 신정동(신정네거리역앞교차로 부근),5,5,0,0,5,0,126.8522391,37.52145503
2021,,서울특별시 양천구4,서울특별시 양천구 신월동(강월초교입구교차로 부근),4,4,1,0,2,1,126.8391555,37.51723925
2021,,서울특별시 양천구5,서울특별시 양천구 목동(오목교역교차로 부근),4,5,0,1,3,1,126.8775597,37.52428913
2021,,서울특별시 강서구1,서울특별시 강서구 화곡동(조흥은행등촌동지점 부근),10,10,0,3,5,2,126.8538268,37.55526945
2021,,서울특별시 강서구2,서울특별시 강서구 내발산동(발산역앞교차로 부근),4,4,0,3,1,0,126.8384992,37.55823778
2021,,서울특별시 구로구1,서울특별시 구로구 구로동(이화우성아파트앞교차로 부근),6,6,0,2,3,1,126.8921887,37.49134523
2021,,서울특별시 구로구2,서울특별시 구로구 구로동(디지털단지입구교차로 부근),5,5,0,0,3,2,126.9000038,37.4829791
2021,,서울특별시 구로구3,서울특별시 구로구 가리봉동(햇살무리예능선교원 부근),4,4,0,3,1,0,126.887049,37.48243582
2021,,서울특별시 구로구4,서울특별시 구로구 구로동(거리공원오거리 부근),4,4,0,2,2,0,126.8939348,37.49777541
2021,,서울특별시 구로구5,서울특별시 구로구 궁동(온수입구삼거리 부근),4,4,0,1,3,0,126.8370488,37.49315239
2021,,서울특별시 구로구6,서울특별시 구로구 구로동(대림역 부근),4,4,0,0,4,0,126.8956652,37.49221391
2021,,서울특별시 금천구1,서울특별시 금천구 가산동(금천구광명시 부근),5,5,0,2,3,0,126.8733549,37.48442714
2021,,서울특별시 영등포구1,서울특별시 영등포구 양평동6가(강서구영등포구 부근),12,16,0,5,9,2,126.8777439,37.55388132
2021,,서울특별시 영등포구2,서울특별시 영등포구 양화동(롯데1급정비공장 부근),10,13,0,4,6,3,126.8952241,37.54249107
2021,,서울특별시 영등포구3,서울특별시 영등포구 양평동4가(양평동사거리 부근),6,6,0,0,4,2,126.8980095,37.53611371
2021,,서울특별시 영등포구4,서울특별시 영등포구 여의도동(여의하류IC 부근),5,8,0,3,4,1,126.9089703,37.53358118
2021,,서울특별시 영등포구5,서울특별시 영등포구 문래동6가(관악고등학교 부근),5,7,0,3,3,1,126.8818701,37.52018246
2021,,서울특별시 영등포구6,서울특별시 영등포구 양평동(오목교 부근),5,7,0,2,3,2,126.8814356,37.52355509
2021,,서울특별시 영등포구7,서울특별시 영등포구 신길동(보라매역앞교차로 부근),5,5,0,2,3,0,126.9196426,37.50008578
2021,,서울특별시 영등포구8,서울특별시 영등포구 여의도동(여의교앞교차로 부근),5,5,0,2,2,1,126.9288888,37.51720061
2021,,서울특별시 영등포구9,서울특별시 영등포구 여의도동(당산지하차도북측 부근),4,8,0,2,5,1,126.9052931,37.53674175
2021,,서울특별시 영등포구10,서울특별시 영등포구 여의도동(빛의카페 부근),4,4,0,2,1,1,126.9275383,37.53054374
2021,,서울특별시 영등포구11,서울특별시 영등포구 대림동(성락빌딩 부근),4,4,0,1,3,0,126.8985238,37.50103031
2021,,서울특별시 영등포구12,서울특별시 영등포구 대림동(구로1교교차로 부근),4,4,0,0,3,1,126.899476,37.48917793
2021,,서울특별시 영등포구13,서울특별시 영등포구 문래동3가(청과시장입구교차로 부근),4,4,0,0,3,1,126.9026931,37.51508515
2021,,서울특별시 영등포구14,서울특별시 영등포구 양평동2가(문래신동아아파트앞교차로 부근),4,4,0,0,2,2,126.8857076,37.52294372
2021,,서울특별시 영등포구15,서울특별시 영등포구 영등포동1가(영등포지하차도북측 부근),3,3,1,1,0,1,126.9121599,37.51798571
2021,,서울특별시 동작구1,서울특별시 동작구 본동(한강대교남측 부근),12,13,0,3,8,2,126.9560531,37.5138666
2021,,서울특별시 동작구2,서울특별시 동작구 흑석동(중앙대병원입구교차로 부근),7,12,0,2,6,4,126.9654067,37.50938742
2021,,서울특별시 동작구3,서울특별시 동작구 노량진동(장성교회 부근),6,6,0,2,4,0,126.9400931,37.50820654
2021,,서울특별시 동작구4,서울특별시 동작구 사당동(골든시네마타워 부근),6,6,0,0,5,1,126.9810549,37.4848862
2021,,서울특별시 동작구5,서울특별시 동작구 신대방동(신대방삼거리역앞교차로 부근),6,6,0,0,3,3,126.9281519,37.4998749
2021,,서울특별시 동작구6,서울특별시 동작구 신대방동(대림사거리 부근),4,5,0,3,2,0,126.9060744,37.48910294
2021,,서울특별시 관악구1,서울특별시 관악구 신림동(신사동주민센터입구교차로 부근),5,5,1,2,2,0,126.9141402,37.48376508
2021,,서울특별시 관악구2,서울특별시 관악구 봉천동(당곡사거리 부근),4,4,0,2,2,0,126.9286079,37.48934974
2021,,서울특별시 관악구3,서울특별시 관악구 신림동(신림역사거리 부근),4,4,0,2,2,0,126.9295024,37.48445022
2021,,서울특별시 서초구1,서울특별시 서초구 반포동(반포대교 부근),7,7,0,1,6,0,126.9983804,37.51075377
2021,,서울특별시 서초구2,서울특별시 서초구 반포동(반포동1329 부근),5,5,0,0,5,0,126.9892694,37.50660078
2021,,서울특별시 서초구3,서울특별시 서초구 반포동(반포동1318 부근),4,4,0,0,3,1,126.9852366,37.50022758
2021,,서울특별시 강남구1,서울특별시 강남구 수서동(수서IC 부근),5,7,0,1,2,4,127.1036432,37.4916075
2021,,서울특별시 강남구2,서울특별시 강남구 일원동(강남구송파구 부근),4,5,0,3,1,1,127.0816636,37.4997341
2021,,서울특별시 강남구3,서울특별시 강남구 수서동(수서IC 부근),4,5,0,1,2,2,127.1004804,37.49327517
2021,,서울특별시 송파구1,서울특별시 송파구 삼전동(배명고교앞교차로 부근),9,9,0,3,6,0,127.0965858,37.4976678
2021,,서울특별시 송파구2,서울특별시 송파구 신천동(잠실대교JC 부근),8,11,0,4,4,3,127.101571,37.52414647
2021,,서울특별시 송파구3,서울특별시 송파구 삼전동(배명사거리 부근),8,8,0,3,4,1,127.0969577,37.50238582
2021,,서울특별시 송파구4,서울특별시 송파구 잠실동(잠실대교JC 부근),8,10,0,2,5,3,127.0860968,37.51847996
2021,,서울특별시 송파구5,서울특별시 송파구 잠실동(청담1교 부근),7,8,0,2,3,3,127.0686129,37.51827346
2021,,서울특별시 송파구6,서울특별시 송파구 잠실동(종합운동장분기점 부근),7,10,0,2,1,7,127.078133,37.51864426
2021,,서울특별시 송파구7,서울특별시 송파구 잠실동(잠실학원사거리 부근),7,8,0,1,5,2,127.0904736,37.50756277
2021,,서울특별시 송파구8,서울특별시 송파구 풍납동(미성카센타 부근),6,7,0,3,3,1,127.1117284,37.53679714
2021,,서울특별시 송파구9,서울특별시 송파구 잠실동(잠실지구대 부근),6,6,0,1,4,1,127.0841747,37.51178194
2021,,서울특별시 송파구10,서울특별시 송파구 방이동(올림픽공원앞교차로 부근),6,6,0,0,3,3,127.1278951,37.51190645
2021,,서울특별시 송파구11,서울특별시 송파구 삼전동(송파구의회구민회관교차로 부근),5,5,0,3,1,1,127.0921974,37.50310315
2021,,서울특별시 송파구12,서울특별시 송파구 방이동(송파구청앞교차로 부근),5,5,0,2,3,0,127.107341,37.51561407
2021,,서울특별시 송파구13,서울특별시 송파구 송파동(방이동고분군앞교차로 부근),5,5,0,1,4,0,127.1166887,37.50762877
2021,,서울특별시 송파구14,서울특별시 송파구 신천동(잠실역사거리 부근),4,4,0,3,1,0,127.1001284,37.51347337
2021,,서울특별시 송파구15,서울특별시 송파구 가락동(가락시장역앞교차로 부근),4,7,0,2,5,0,127.1189267,37.49252282
2021,,서울특별시 송파구16,서울특별시 송파구 가락동(가락시장앞교차로 부근),4,5,0,2,3,0,127.1137781,37.49795502
2021,,서울특별시 송파구17,서울특별시 송파구 장지동(꿈초롱어린이집 부근),4,4,0,2,2,0,127.1408597,37.47517745
2021,,서울특별시 송파구18,서울특별시 송파구 방이동(방이삼거리 부근),4,4,0,2,2,0,127.1082772,37.51186752
2021,,서울특별시 송파구19,서울특별시 송파구 석촌동(송파사거리 부근),4,5,0,0,5,0,127.1087851,37.5032723
2021,,서울특별시 송파구20,서울특별시 송파구 풍납동(올림픽대교남단교차로 부근),4,4,0,0,4,0,127.1172424,37.52561775
2021,,서울특별시 송파구21,서울특별시 송파구 문정동(장지동사무소 부근),4,4,0,0,4,0,127.1325002,37.48704976
2021,,서울특별시 송파구22,서울특별시 송파구 문정동(문정로데오3거리 부근),4,4,0,0,3,1,127.1239334,37.49010546
2021,,서울특별시 송파구23,서울특별시 송파구 가락동(보광빌라 부근),4,4,0,0,3,1,127.1176707,37.49584328
2021,,서울특별시 강동구1,서울특별시 강동구 천호동(광진교남단사거리 부근),7,7,1,2,2,2,127.1245703,37.54139295
2021,,서울특별시 강동구2,서울특별시 강동구 천호동(광나루안내센터앞 부근),7,9,0,2,5,2,127.1201577,37.54679739
2021,,서울특별시 강동구3,서울특별시 강동구 성내동(길동사거리 부근),7,7,0,2,5,0,127.1379848,37.53403573
2021,,서울특별시 강동구4,서울특별시 강동구 둔촌동(둔촌동역앞교차로 부근),7,7,0,0,6,1,127.1372174,37.53048504
2021,,서울특별시 강동구5,서울특별시 강동구 암사동(토끼굴입구교차로 부근),6,6,0,4,2,0,127.1240034,37.55507558
2021,,서울특별시 강동구6,서울특별시 강동구 성내동(올림픽공원북2문앞교차로 부근),6,6,0,3,3,0,127.1270016,37.52439637
2021,,서울특별시 강동구7,서울특별시 강동구 길동(마루빌딩 부근),5,5,0,2,3,0,127.140022,37.53774992
2021,,서울특별시 강동구8,서울특별시 강동구 천호동(알프스 부근),4,4,1,1,2,0,127.1307325,37.54217778
2021,,서울특별시 강동구9,서울특별시 강동구 성내동(강동구청역앞교차로 부근),4,4,0,2,2,0,127.1204277,37.53016327
2021,,서울특별시 강동구10,서울특별시 강동구 암사동(제이빌더스입구 부근),4,4,0,2,2,0,127.1348312,37.55189173
2022,,서울특별시 종로구1,서울특별시 종로구 적선동(적선현대빌딩 부근),5,5,0,1,2,2,126.9728671,37.57536392
2022,,서울특별시 종로구2,서울특별시 종로구 인의동(종로4가사거리 부근),4,4,0,1,0,3,126.9975956,37.57083711
2022,,서울특별시 종로구3,서울특별시 종로구 서린동(종로구청입구교차로 부근),4,4,0,0,4,0,126.9790979,37.56987425
2022,,서울특별시 용산구1,서울특별시 용산구 서빙고동(반포대교북측 부근),6,7,0,4,3,0,126.9944544,37.51906067
2022,,서울특별시 용산구2,서울특별시 용산구 한남동(한남역앞 부근),6,6,0,4,2,0,127.0071573,37.5284614
2022,,서울특별시 용산구3,서울특별시 용산구 이촌동(한강대교북측 부근),4,5,0,1,4,0,126.9700041,37.51688037
2022,,서울특별시 성동구1,서울특별시 성동구 성수동1가(서울숲역4번출구 부근),6,7,0,1,6,0,127.0448347,37.54656671
2022,,서울특별시 성동구2,서울특별시 성동구 옥수동(용산구성동구 부근),5,5,0,3,2,0,127.0161157,37.53779928
2022,,서울특별시 성동구3,서울특별시 성동구 하왕십리동(청계9가사거리 부근),5,5,0,3,2,0,127.0303566,37.57010102
2022,,서울특별시 성동구4,서울특별시 성동구 금호동4가(금호삼거리 부근),5,5,0,1,4,0,127.0241495,37.54381804
2022,,서울특별시 성동구5,서울특별시 성동구 성수동2가(대보빌라 부근),5,5,0,0,5,0,127.057524,37.53774398
2022,,서울특별시 성동구6,서울특별시 성동구 성수동2가(해성자동차공업사입구 부근),5,5,0,0,5,0,127.060166,37.54336082
2022,,서울특별시 성동구7,서울특별시 성동구 성수동1가(성수여중 부근),4,4,0,2,2,0,127.0499479,37.54012423
2022,,서울특별시 성동구8,서울특별시 성동구 성수동2가(화양4거리 부근),4,4,0,1,2,1,127.0659384,37.54811085
2022,,서울특별시 광진구1,서울특별시 광진구 군자동(능동119안전센터 부근),5,5,0,2,3,0,127.0789191,37.55529296
2022,,서울특별시 광진구2,서울특별시 광진구 자양동(잠실대교북측 부근),5,5,0,1,4,0,127.0880406,37.52806406
2022,,서울특별시 광진구3,서울특별시 광진구 구의동(잠실철교 부근),4,5,0,1,4,0,127.0955435,37.53358337
2022,,서울특별시 광진구4,서울특별시 광진구 자양동(자양유아원 부근),4,4,0,1,3,0,127.0782561,37.53229706
2022,,서울특별시 광진구5,서울특별시 광진구 구의동(아차산역사거리 부근),4,5,0,0,5,0,127.0918816,37.54921829
2022,,서울특별시 광진구6,서울특별시 광진구 중곡동(신성시장 부근),4,5,0,0,5,0,127.0879509,37.55890499
2022,,서울특별시 광진구7,서울특별시 광진구 자양동(아리랑하우스입구 부근),4,4,0,0,4,0,127.0684757,37.52862025
2022,,서울특별시 동대문구1,서울특별시 동대문구 신설동(청계8가사거리 부근),10,10,0,1,9,0,127.0249905,37.57141032
2022,,서울특별시 동대문구2,서울특별시 동대문구 제기동(경동시장앞교차로 부근),8,8,0,5,3,0,127.038908,37.57851436
2022,,서울특별시 동대문구3,서울특별시 동대문구 휘경동(중랑교사거리 부근),8,8,0,3,3,2,127.0675058,37.59198619
2022,,서울특별시 동대문구4,서울특별시 동대문구 용두동(용두교 부근),7,8,0,3,4,1,127.034323,37.57802039
2022,,서울특별시 동대문구5,서울특별시 동대문구 장안동(승용빌딩 부근),7,9,0,2,5,2,127.0681193,37.56665402
2022,,서울특별시 동대문구6,서울특별시 동대문구 답십리동(답십리역교차로 부근),7,7,0,1,5,1,127.0549543,37.56480534
2022,,서울특별시 동대문구7,서울특별시 동대문구 용두동(대원빌딩 부근),7,7,0,0,4,3,127.0362066,37.5740327
2022,,서울특별시 동대문구8,서울특별시 동대문구 답십리동(촬영소사거리 부근),5,5,0,1,3,1,127.0665057,37.57281984
2022,,서울특별시 동대문구9,서울특별시 동대문구 답십리동(장안시장 부근),4,4,1,0,2,1,127.062484,37.56732304
2022,,서울특별시 동대문구10,서울특별시 동대문구 답십리동(동대문중사거리 부근),4,4,0,1,2,1,127.0523508,37.57356472
2022,,서울특별시 동대문구11,서울특별시 동대문구 장안동(장안동삼거리 부근),4,4,0,1,1,2,127.0718053,37.57829416
2022,,서울특별시 동대문구12,서울특별시 동대문구 전농동(청량리역교차로 부근),4,4,0,0,4,0,127.0439454,37.58005137
2022,,서울특별시 동대문구13,서울특별시 동대문구 청량리동(동서울농협홍릉지점 부근),4,4,0,0,2,2,127.041384,37.58669751
2022,,서울특별시 중랑구1,서울특별시 중랑구 면목동(장안교앞 부근),7,7,0,2,3,2,127.0802296,37.58119222
2022,,서울특별시 중랑구2,서울특별시 중랑구 상봉동(동일로지하차도앞교차 부근),7,8,0,0,3,5,127.0802796,37.5947678
2022,,서울특별시 중랑구3,서울특별시 중랑구 중화동(이화교 부근),6,7,0,1,5,1,127.0744079,37.60194859
2022,,서울특별시 중랑구4,서울특별시 중랑구 상봉동(중랑전화국앞교차로 부근),5,6,0,1,3,2,127.0800205,37.59108172
2022,,서울특별시 중랑구5,서울특별시 중랑구 묵동(면목교 부근),5,5,0,1,3,1,127.080062,37.57756862
2022,,서울특별시 중랑구6,서울특별시 중랑구 중화동(중화장미아파트 부근),5,5,0,1,1,3,127.0787714,37.60544942
2022,,서울특별시 중랑구7,서울특별시 중랑구 중화동(동부시장사거리 부근),5,6,0,0,5,1,127.0759393,37.59479359
2022,,서울특별시 중랑구8,서울특별시 중랑구 중화동(중흥초교 부근),5,6,0,0,5,1,127.0826331,37.60190808
2022,,서울특별시 중랑구9,서울특별시 중랑구 면목동(면목교 부근),5,5,0,0,5,0,127.0819766,37.58722783
2022,,서울특별시 중랑구10,서울특별시 중랑구 묵동(묵동우체국 부근),5,5,0,0,3,2,127.0779289,37.61023123
2022,,서울특별시 중랑구11,서울특별시 중랑구 상봉동(상봉지하차도앞교차로 부근),4,4,0,1,2,1,127.0877769,37.59685116
2022,,서울특별시 중랑구12,서울특별시 중랑구 면목동(사가정역앞교차로 부근),4,4,0,1,1,2,127.0865323,37.58100834
2022,,서울특별시 중랑구13,서울특별시 중랑구 면목동(태영빌딩 부근),4,4,0,0,4,0,127.0903494,37.58905335
2022,,서울특별시 성북구1,서울특별시 성북구 석관동(새석관시장 부근),6,6,0,1,4,1,127.0545024,37.60929769
2022,,서울특별시 성북구2,서울특별시 성북구 장위동(장위사거리 부근),6,8,0,0,6,2,127.0600188,37.61374849
2022,,서울특별시 성북구3,서울특별시 성북구 상월곡동(하월곡IC 부근),5,6,0,3,3,0,127.0460197,37.60538599
2022,,서울특별시 성북구4,서울특별시 성북구 종암동(종암사거리 부근),5,5,0,1,3,1,127.0324104,37.60345689
2022,,서울특별시 강북구1,서울특별시 강북구 수유동(강북구청사거리 부근),7,7,0,1,6,0,127.0287313,37.64103552
2022,,서울특별시 강북구2,서울특별시 강북구 미아동(수유치과의원 부근),7,7,0,1,6,0,127.0242686,37.63133476
2022,,서울특별시 강북구3,서울특별시 강북구 수유동(만능카종합공업사 부근),5,6,0,1,4,1,127.0181507,37.63168302
2022,,서울특별시 강북구4,서울특별시 강북구 수유동(광산사거리 부근),5,5,0,1,3,1,127.0224095,37.64240549
2022,,서울특별시 강북구5,서울특별시 강북구 번동(번동사거리 부근),4,4,0,1,3,0,127.0330974,37.6354755
2022,,서울특별시 도봉구1,서울특별시 도봉구 창동(정의여중고교입구교차 부근),4,4,1,1,0,2,127.0360481,37.65125152
2022,,서울특별시 도봉구2,서울특별시 도봉구 창동(창동변전소 부근),4,5,0,4,0,1,127.0410834,37.65957432
2022,,서울특별시 도봉구3,서울특별시 도봉구 쌍문동(동아운수에너지주유소 부근),4,4,0,1,1,2,127.013283,37.65673004
2022,,서울특별시 노원구1,서울특별시 노원구 공릉동(월릉교 부근),8,10,0,3,3,4,127.0729143,37.61688927
2022,,서울특별시 노원구2,서울특별시 노원구 중계동(태흥약국 부근),7,7,0,3,3,1,127.0713325,37.6585236
2022,,서울특별시 노원구3,서울특별시 노원구 상계동(도봉구노원구 부근),7,9,0,2,5,2,127.0542875,37.65281575
2022,,서울특별시 노원구4,서울특별시 노원구 상계동(상계교교차로 부근),6,9,0,2,7,0,127.0523313,37.66169793
2022,,서울특별시 노원구5,서울특별시 노원구 공릉동(공릉역사거리 부근),6,6,0,0,6,0,127.0728105,37.62606749
2022,,서울특별시 노원구6,서울특별시 노원구 상계동(상계초교앞교차로 부근),5,7,0,3,4,0,127.0652375,37.6589069
2022,,서울특별시 노원구7,서울특별시 노원구 중계동(당고개입구오거리 부근),5,5,0,3,2,0,127.0753903,37.6628737
2022,,서울특별시 노원구8,서울특별시 노원구 월계동(석계역3번출구 부근),5,6,0,2,3,1,127.0677813,37.61553479
2022,,서울특별시 노원구9,서울특별시 노원구 상계동(상계67동주민센터앞교N 부근),5,5,0,2,2,1,127.0675081,37.65485022
2022,,서울특별시 노원구10,서울특별시 노원구 중계동(청암고교앞교차로 부근),5,5,0,1,4,0,127.0729527,37.65200271
2022,,서울특별시 노원구11,서울특별시 노원구 중계동(노해근린공원앞교차로 부근),5,5,0,1,2,2,127.0695729,37.64943758
2022,,서울특별시 노원구12,서울특별시 노원구 공릉동(안성민치과의원 부근),4,4,0,1,2,1,127.0743583,37.62170384
2022,,서울특별시 은평구1,서울특별시 은평구 역촌동(역말사거리 부근),6,6,0,5,1,0,126.9152598,37.60578824
2022,,서울특별시 은평구2,서울특별시 은평구 역촌동(신사오거리 부근),6,8,0,2,3,3,126.9159273,37.60141433
2022,,서울특별시 은평구3,서울특별시 은평구 응암동(서운빌딩 부근),5,5,1,1,3,0,126.9266653,37.602441
2022,,서울특별시 은평구4,서울특별시 은평구 응암동(새절역앞교차로 부근),5,7,0,0,7,0,126.9138951,37.59267084
2022,,서울특별시 은평구5,서울특별시 은평구 갈현동(구산역앞교차로 부근),4,5,1,0,4,0,126.9171552,37.61182241
2022,,서울특별시 서대문구1,서울특별시 서대문구 북가좌동(북가좌오거리 부근),4,4,0,1,2,1,126.9109892,37.5805063
2022,,서울특별시 서대문구2,서울특별시 서대문구 북가좌동(고려가정의학과의원 부근),4,4,0,0,1,3,126.9155626,37.58029207
2022,,서울특별시 마포구1,서울특별시 마포구 중동(증산지하차도남측 부근),4,4,0,2,2,0,126.9002894,37.57451258
2022,,서울특별시 마포구2,서울특별시 마포구 망원동(망원2주민센터 부근),4,5,0,1,3,1,126.905132,37.56223374
2022,,서울특별시 마포구3,서울특별시 마포구 합정동(합정역7번출구 부근),4,5,0,0,3,2,126.9135255,37.54880963
2022,,서울특별시 양천구1,서울특별시 양천구 신정동(홍익병원앞교차로 부근),7,8,0,1,5,2,126.8640032,37.52979656
2022,,서울특별시 양천구2,서울특별시 양천구 신월동(동방APT앞 부근),5,5,0,3,2,0,126.8464822,37.52205493
2022,,서울특별시 양천구3,서울특별시 양천구 목동(CBS방송국 부근),5,5,0,2,2,1,126.8744355,37.52763105
2022,,서울특별시 양천구4,서울특별시 양천구 신정동(이화빌딩 부근),5,5,0,2,2,1,126.8613439,37.52600527
2022,,서울특별시 양천구5,서울특별시 양천구 신월동(강월초교입구교차로 부근),4,4,0,2,1,1,126.8389019,37.51823778
2022,,서울특별시 양천구6,서울특별시 양천구 신정동(목동9단지 부근),4,4,0,1,3,0,126.8655771,37.51799402
2022,,서울특별시 양천구7,서울특별시 양천구 신월동(신월사거리 부근),4,4,0,1,0,3,126.8286617,37.5357442
2022,,서울특별시 양천구8,서울특별시 양천구 신정동(신정동1093 부근),4,4,0,0,3,1,126.858823,37.52190849
2022,,서울특별시 양천구9,서울특별시 양천구 신월동(신월IC 부근),3,3,1,2,0,0,126.8343401,37.52684762
2022,,서울특별시 양천구10,서울특별시 양천구 신월동(선창빌딩앞 부근),3,3,1,0,2,0,126.8372473,37.52316844
2022,,서울특별시 강서구1,서울특별시 강서구 화곡동(동서파크빌라 부근),6,6,0,0,3,3,126.8505414,37.53004747
2022,,서울특별시 강서구2,서울특별시 강서구 마곡동(신방화역교차로 부근),5,5,0,3,2,0,126.8168646,37.5679482
2022,,서울특별시 강서구3,서울특별시 강서구 화곡동(화곡역사거리 부근),5,5,0,2,3,0,126.8417428,37.54216692
2022,,서울특별시 강서구4,서울특별시 강서구 마곡동(진에어앞 부근),4,4,0,1,3,0,126.8301028,37.5592405
2022,,서울특별시 강서구5,서울특별시 강서구 마곡동(마곡동727816 부근),4,4,0,1,2,1,126.8271325,37.56320303
2022,,서울특별시 구로구1,서울특별시 구로구 신도림동(신정교교차로 부근),6,7,0,1,6,0,126.8814296,37.51612521
2022,,서울특별시 구로구2,서울특별시 구로구 구로동(영서중 부근),5,5,0,2,3,0,126.891403,37.4897347
2022,,서울특별시 구로구3,서울특별시 구로구 가리봉동(가산동교차로 부근),5,5,0,1,3,1,126.8809263,37.48655283
2022,,서울특별시 구로구4,서울특별시 구로구 구로동(구로시장 부근),4,4,1,1,2,0,126.8849148,37.4878624
2022,,서울특별시 구로구5,서울특별시 구로구 개봉동(개봉사거리 부근),4,5,0,2,3,0,126.8572527,37.49748057
2022,,서울특별시 구로구6,서울특별시 구로구 고척동(구로구광명시 부근),4,4,0,2,2,0,126.8663594,37.49268499
2022,,서울특별시 구로구7,서울특별시 구로구 구로동(구로구청구의회앞교차 부근),4,4,0,0,4,0,126.8873094,37.49467769
2022,,서울특별시 금천구1,서울특별시 금천구 독산동(평강교회 부근),4,4,0,2,2,0,126.8908403,37.45342678
2022,,서울특별시 금천구2,서울특별시 금천구 가산동(구로아파트 부근),4,5,0,1,2,2,126.8890036,37.47678449
2022,,서울특별시 영등포구1,서울특별시 영등포구 대림동(우성아파트앞교차로 부근),9,9,0,1,6,2,126.8986557,37.49397058
2022,,서울특별시 영등포구2,서울특별시 영등포구 당산동(당산지하차도북측 부근),8,9,0,0,8,1,126.9051801,37.53623915
2022,,서울특별시 영등포구3,서울특별시 영등포구 대림동(대림공원교차로 부근),7,7,0,3,3,1,126.90233,37.49148791
2022,,서울특별시 영등포구4,서울특별시 영등포구 당산동1가(영등포청과시장앞교차 부근),7,7,0,3,2,2,126.9009831,37.52050461
2022,,서울특별시 영등포구5,서울특별시 영등포구 당산동5가(염창교 부근),7,9,0,2,7,0,126.877763,37.5537316
2022,,서울특별시 영등포구6,서울특별시 영등포구 여의도동(영등포고가차도 부근),6,7,0,3,4,0,126.9145062,37.52010112
2022,,서울특별시 영등포구7,서울특별시 영등포구 당산동3가(영등포구청앞교차로 부근),6,7,0,1,4,2,126.8970879,37.52724204
2022,,서울특별시 영등포구8,서울특별시 영등포구 당산동(롯데1급정비공장 부근),6,8,0,0,7,1,126.896402,37.54260319
2022,,서울특별시 영등포구9,서울특별시 영등포구 양화동(한강자전거대여소양화 부근),6,6,0,0,5,1,126.892678,37.54398118
2022,,서울특별시 영등포구10,서울특별시 영등포구 신길동(신길성락주유소앞교차 부근),5,6,0,3,1,2,126.9024597,37.50409226
2022,,서울특별시 영등포구11,서울특별시 영등포구 양평동1가(양남사거리 부근),5,5,0,3,1,1,126.8900421,37.52293013
2022,,서울특별시 영등포구12,서울특별시 영등포구 양평동5가(롯데푸드본사 부근),5,6,0,1,5,0,126.890416,37.53677678
2022,,서울특별시 영등포구13,서울특별시 영등포구 영등포동7가(영등포경찰서사거리 부근),5,5,0,1,4,0,126.9039771,37.52569
2022,,서울특별시 영등포구14,서울특별시 영등포구 영등포동7가(영등포시장역앞교차로 부근),5,5,0,1,3,1,126.9051372,37.52268264
2022,,서울특별시 영등포구15,서울특별시 영등포구 양평동(오목교 부근),4,4,0,2,2,0,126.8811612,37.52330298
2022,,서울특별시 영등포구16,서울특별시 영등포구 여의도동(여의중고교앞교차로 부근),4,6,0,1,5,0,126.9328856,37.5276594
2022,,서울특별시 영등포구17,서울특별시 영등포구 양평동(세종엔까뮤스퀘어 부근),4,5,0,1,3,1,126.8883227,37.54084906
2022,,서울특별시 영등포구18,서울특별시 영등포구 여의도동(여의하류IC 부근),4,4,0,1,3,0,126.9102829,37.53085077
2022,,서울특별시 영등포구19,서울특별시 영등포구 대림동(도림청구아파트 부근),4,4,0,1,2,1,126.8963583,37.50865806
2022,,서울특별시 영등포구20,서울특별시 영등포구 도림동(도림사거리 부근),4,4,0,1,0,3,126.9012687,37.50729368
2022,,서울특별시 영등포구21,서울특별시 영등포구 신길동(영신고교입구 부근),3,4,1,0,2,1,126.9081036,37.4971442
2022,,서울특별시 동작구1,서울특별시 동작구 신대방동(대림사거리 부근),6,6,0,3,2,1,126.9067608,37.48931902
2022,,서울특별시 동작구2,서울특별시 동작구 본동(한강대교남단교차로 부근),6,6,0,2,4,0,126.9556724,37.513628
2022,,서울특별시 동작구3,서울특별시 동작구 사당동(이수역앞교차로 부근),5,6,0,3,2,1,126.9821222,37.48528347
2022,,서울특별시 동작구4,서울특별시 동작구 노량진동(중앙학원 부근),4,5,0,0,3,2,126.9442612,37.51372449
2022,,서울특별시 관악구1,서울특별시 관악구 신림동(강남우신병원 부근),6,6,0,0,6,0,126.9023918,37.48367733
2022,,서울특별시 서초구1,서울특별시 서초구 방배동(만남의광장 부근),4,4,0,1,3,0,126.9823346,37.47696616
2022,,서울특별시 강남구1,서울특별시 강남구 자곡동(자곡사거리 부근),4,5,0,2,3,0,127.1070416,37.47559261
2022,,서울특별시 강남구2,서울특별시 강남구 삼성동(강남운전면허시험장 부근),4,4,0,2,2,0,127.0680991,37.50951912
2022,,서울특별시 강남구3,서울특별시 강남구 수서동(수서역앞교차로 부근),4,4,0,2,1,1,127.1015749,37.48701261
2022,,서울특별시 강남구4,서울특별시 강남구 압구정동(동호대교JC 부근),4,7,0,1,6,0,127.0239586,37.53189771
2022,,서울특별시 강남구5,서울특별시 강남구 대치동(우석빌딩 부근),4,4,0,1,2,1,127.0600077,37.50009709
2022,,서울특별시 송파구1,서울특별시 송파구 거여동(거여동사거리 부근),9,11,0,2,6,3,127.1401329,37.49652094
2022,,서울특별시 송파구2,서울특별시 송파구 삼전동(삼전사거리 부근),7,7,0,3,3,1,127.0884774,37.50414028
2022,,서울특별시 송파구3,서울특별시 송파구 방이동(둔촌사거리 부근),7,9,0,2,7,0,127.1342985,37.52190196
2022,,서울특별시 송파구4,서울특별시 송파구 잠실동(잠실새내역교차로 부근),7,8,0,2,4,2,127.0843441,37.51169661
2022,,서울특별시 송파구5,서울특별시 송파구 가락동(경찰병원앞교차로 부근),7,8,0,1,4,3,127.12309,37.49485871
2022,,서울특별시 송파구6,서울특별시 송파구 신천동(잠실대교남측 부근),7,7,0,1,4,2,127.0991744,37.51498273
2022,,서울특별시 송파구7,서울특별시 송파구 잠실동(석촌호수서호사거리 부근),6,6,1,2,2,1,127.0997061,37.50682882
2022,,서울특별시 송파구8,서울특별시 송파구 잠실동(잠실여름파출소 부근),6,6,0,4,1,1,127.0803509,37.51842587
2022,,서울특별시 송파구9,서울특별시 송파구 방이동(잠실진주아파트앞교차 부근),6,6,0,3,3,0,127.1088782,37.51595538
2022,,서울특별시 송파구10,서울특별시 송파구 석촌동(석촌역사거리 부근),6,6,0,3,3,0,127.107258,37.50488491
2022,,서울특별시 송파구11,서울특별시 송파구 석촌동(배명사거리 부근),6,6,0,2,3,1,127.0971408,37.50268403
2022,,서울특별시 송파구12,서울특별시 송파구 석촌동(동산교회 부근),6,6,0,2,1,3,127.1041522,37.49949514
2022,,서울특별시 송파구13,서울특별시 송파구 잠실동(잠전초교입구 부근),6,7,0,1,4,2,127.0839124,37.50618943
2022,,서울특별시 송파구14,서울특별시 송파구 신천동(잠실대교JC 부근),6,8,0,1,3,4,127.1005028,37.52263074
2022,,서울특별시 송파구15,서울특별시 송파구 송파동(신도빌딩 부근),5,5,1,1,2,1,127.1103341,37.50798947
2022,,서울특별시 송파구16,서울특별시 송파구 송파동(가락시장 부근),5,6,0,3,3,0,127.1135528,37.49865524
2022,,서울특별시 송파구17,서울특별시 송파구 삼전동(잠실학원사거리 부근),5,7,0,2,5,0,127.0905995,37.507911
2022,,서울특별시 송파구18,서울특별시 송파구 잠실동(잠실대교JC 부근),5,6,0,2,2,2,127.0870217,37.51870384
2022,,서울특별시 송파구19,서울특별시 송파구 송파동(방이동고분군앞교차로 부근),5,5,0,1,4,0,127.1158689,37.50661914
2022,,서울특별시 송파구20,서울특별시 송파구 가락동(가락시장역앞교차로 부근),5,5,0,1,3,1,127.1186221,37.49293129
2022,,서울특별시 송파구21,서울특별시 송파구 가락동(탄천교앞교차로 부근),4,4,1,1,0,2,127.104849,37.49462209
2022,,서울특별시 송파구22,서울특별시 송파구 잠실동(잠실3사거리 부근),4,4,0,3,0,1,127.0929125,37.51161727
2022,,서울특별시 송파구23,서울특별시 송파구 가락동(가락시장입구교차로 부근),4,4,0,2,2,0,127.1091636,37.49550536
2022,,서울특별시 송파구24,서울특별시 송파구 잠실동(청담IC 부근),4,4,0,2,1,1,127.0721034,37.5196289
2022,,서울특별시 송파구25,서울특별시 송파구 석촌동(송파사거리 부근),4,9,0,1,6,2,127.1104285,37.50174134
2022,,서울특별시 송파구26,서울특별시 송파구 잠실동(탄천2교앞교차로 부근),4,4,0,0,4,0,127.077198,37.50518946
2022,,서울특별시 송파구27,서울특별시 송파구 오금동(송파경찰서앞교차로 부근),4,4,0,0,3,1,127.1280642,37.50135853
2022,,서울특별시 강동구1,서울특별시 강동구 천호동(천호사거리 부근),7,7,0,2,2,3,127.1239853,37.53982979
2022,,서울특별시 강동구2,서울특별시 강동구 천호동(광나루안내센터앞 부근),5,7,0,2,5,0,127.1208692,37.54844448
2022,,서울특별시 강동구3,서울특별시 강동구 길동(천동초교 부근),4,4,0,2,2,0,127.1384192,37.54125507
2022,,서울특별시 강동구4,서울특별시 강동구 천호동(천일초교교차로 부근),4,4,0,2,2,0,127.1314775,37.54322831
2022,,서울특별시 강동구5,서울특별시 강동구 성내동(영파여중고앞교차로 부근),4,4,0,1,3,0,127.1216068,37.53421057
2022,,서울특별시 강동구6,서울특별시 강동구 성내동(길동시장 부근),4,4,0,1,2,1,127.1360659,37.53312932
